Row ID,target
1,181235.98058446683
2,92936.66633383557
3,250137.04003139865
4,290084.66067688074
5,279868.2672512536
6,626838.8540121634
7,332540.8723499859
8,194750.4494374618
9,269164.6816774593
10,318818.9029527446
11,179076.0042233332
12,411922.9453249816
13,264793.722186001
14,222030.37150650658
15,221342.57781300507
16,303985.9865644011
17,264078.46457919665
18,170172.32580875605
19,223659.87248158967
20,175668.4332958851
21,247356.3247233075
22,236577.7011220781
23,270123.4532941622
24,278210.97285608435
25,325944.8483906612
26,253446.5597621845
27,206186.61365078622
28,287308.02141900733
29,361607.4896157426
30,300063.6908776844
31,266312.12371248566
32,298611.8582664095
33,227143.7720768908
34,255296.5616806238
35,362746.75751310494
36,296817.117379508
37,259907.33827564307
38,203896.60654104128
39,285788.7841367414
40,313089.649095844
41,303334.366636293
42,293845.1539409859
43,289485.6214389587
44,200684.0054496429
45,122813.18311779015
46,585910.7055650968
47,279063.0316861104
48,166908.85647258582
49,220469.92002306506
50,142675.67887993576
51,269857.7722125128
52,190984.4149108613
53,283007.22608137364
54,215017.20080358395
55,396581.9451061012
56,285533.7296234444
57,266276.6653298647
58,226624.14000283275
59,276206.25804155134
60,254452.72892142413
61,181735.84606938763
62,266691.8645087639
63,166617.75632090727
64,209683.13892831514
65,388687.27038862417
66,314035.9781352421
67,217884.69544809638
68,234092.64353867667
69,325177.30949120503
70,232720.02221743297
71,316651.4847879708
72,245998.75545906974
73,249150.13930593617
74,315318.6683737426
75,288266.39028574526
76,211662.66276428057
77,301664.75655791163
78,206778.90596254962
79,358678.6694426304
80,234226.49358907714
81,467067.70943520544
82,316772.0376104857
83,226867.56772128865
84,402674.15728119295
85,320264.31067615
86,295774.25132491253
87,282981.4622550481
88,281548.85722480994
89,195849.40088441595
90,138942.74502709974
91,338519.10295352666
92,359167.58247713465
93,188826.57246057317
94,271229.88028112287
95,231039.35414856393
96,303169.9569711676
97,244896.1474748943
98,164489.45859303698
99,315866.96848778427
100,237392.68923213286
101,397062.7795142238
102,270234.43319754675
103,211159.25510535436
104,209452.89661275316
105,184010.2836328186
106,354747.5013314141
107,160190.577485153
108,270484.58141486393
109,286254.62149301264
110,261925.28116723616
111,324528.3601832078
112,287757.5400079838
113,338127.3807932767
114,137309.31761477096
115,276712.99482778274
116,281421.9659438627
117,313426.73547573294
118,245212.59473263426
119,244574.09853669303
120,227051.61256482173
121,290193.41002625367
122,176512.5890445169
123,184688.97203507042
124,222444.2086539818
125,266892.14177586744
126,286241.3603575835
127,399841.7457212806
128,247524.41153324163
129,195711.8229702236
130,339952.3937513828
131,249953.12104985863
132,221389.42558895051
133,305200.33359101554
134,119770.23724641185
135,386529.2085583415
136,269871.85548247956
137,275814.70627317624
138,71042.73323519528
139,356173.81825377606
140,218940.06223458657
141,255472.5265081008
142,315288.3802858759
143,267246.69644368626
144,315005.901661674
145,129661.09127738094
146,251799.9131985996
147,440384.9890769003
148,306701.93172976095
149,322840.82101968536
150,292000.75632249564
151,292218.9264173703
152,201061.74203840038
153,260488.92627107538
154,301854.3493567463
155,277894.2959582275
156,280253.64943783544
157,299241.28224399127
158,164669.95953973383
159,244437.63500471972
160,373656.6961112274
161,247316.47910948796
162,217895.4180240538
163,334523.5509510166
164,292905.4996082918
165,347587.72394953016
166,259125.97706740024
167,304992.0356768761
168,313679.42692534206
169,243235.5363793061
170,306893.4044517083
171,105962.74329751264
172,179070.5673118895
173,309047.5689952029
174,145801.3872473603
175,349144.63448009547
176,253100.6522161318
177,213799.4710753155
178,373601.25504175946
179,163928.62179067358
180,400049.5591953397
181,301515.67130060773
182,232073.12503779354
183,298040.39586170623
184,183033.6598485685
185,175153.36532978294
186,237871.23064714577
187,311930.3363166386
188,189424.98625052907
189,211832.1781796664
190,360150.4728171346
191,213652.18063714355
192,282869.4970528376
193,196802.15327278478
194,318332.4500588472
195,204402.5544023211
196,324871.2671131543
197,242547.1205844134
198,353027.7882631845
199,239070.66517465375
200,291550.63008849695
201,376324.31898444705
202,244118.06050093286
203,204452.28353179852
204,308965.9838844626
205,312852.055591458
206,220421.61994768586
207,390397.91070417175
208,304091.31718321145
209,182776.14246756257
210,255681.46993146418
211,122276.51688999217
212,173236.02101859963
213,198073.13002891373
214,267323.3993018707
215,195601.44839551765
216,260578.6230555633
217,292589.6756524928
218,234837.2077817698
219,228021.42363955732
220,241179.14518880798
221,316644.1415743418
222,206974.96179855661
223,304961.47620271426
224,313444.15202795295
225,361189.4195521022
226,274239.78458815766
227,292213.32462523784
228,192482.18430819642
229,352360.9336699727
230,226922.957351665
231,368262.8400562126
232,183198.71126313088
233,242462.37464250857
234,331971.84049807256
235,345664.3496420649
236,297769.8694667886
237,289747.76500333846
238,335457.43782364577
239,210828.68419685308
240,313685.3615669622
241,163806.20526989223
242,296293.69044738775
243,310699.00065096887
244,322369.224424209
245,340369.4724417762
246,182326.42182822805
247,270875.57222341234
248,233129.96409646235
249,284320.9845790304
250,239082.20726548694
251,282880.4370451309
252,260716.76457429957
253,177697.2263646894
254,257241.07174419705
255,179379.99907500762
256,444203.5916061443
257,175402.99136394542
258,332384.5464241998
259,177761.13715594308
260,335705.1068579145
261,279807.8670048923
262,289372.52199823083
263,324091.1020793333
264,244622.11838038918
265,186285.85993212322
266,214963.69954954134
267,118954.36719482718
268,354452.4262980833
269,205647.4863059991
270,169511.719078938
271,314085.0006950218
272,310292.87287833914
273,162902.84017375438
274,346283.98586305324
275,396887.08712887205
276,321280.0654272586
277,318837.1250227601
278,336374.0514968233
279,254857.57137369365
280,237373.54783197492
281,250116.91475646477
282,411430.60704222415
283,279138.987888427
284,170021.26868540654
285,239177.8323648367
286,247481.36361904768
287,245907.33937200578
288,257764.5571187511
289,125329.02034414979
290,270319.35886397306
291,84852.86787075503
292,216279.74279505992
293,571440.7878305409
294,127651.25182426674
295,177110.6803491651
296,266263.0195972235
297,297747.55268946104
298,253744.75490840757
299,234348.43110868335
300,348469.0511166081
301,245662.15615190053
302,249132.80892193364
303,180893.39680582006
304,325346.4829239077
305,224437.81044936227
306,324146.2893532342
307,149328.33466230612
308,222057.44457701035
309,80879.6340395282
310,266460.77244200604
311,264983.98414228484
312,221362.47319780244
313,248776.97828932712
314,342422.84361106437
315,247269.47724501416
316,320142.1569148968
317,161156.42884538881
318,351843.7438607835
319,314913.2870109277
320,554574.5737967715
321,272902.0297070709
322,356002.9862949783
323,257889.11677799607
324,231792.81342258723
325,179993.29385657609
326,267235.7668469539
327,120153.71051313588
328,346811.91662880173
329,263889.1444655224
330,321959.28611626616
331,202188.10921969963
332,164712.14250837406
333,285678.971159298
334,298283.7947340361
335,302592.74287043605
336,260618.95049672388
337,124409.54330206104
338,134948.01897513727
339,323395.35954217706
340,365997.491498956
341,267332.03319662716
342,345932.1870232513
343,280887.2306088456
344,192088.71245070547
345,327708.96876890725
346,214183.00082900515
347,199090.4204574204
348,381211.64850070607
349,403632.529474237
350,313520.3004314271
351,405643.98737716535
352,157041.6555065359
353,276293.47873546276
354,273799.59802195756
355,351042.6025190982
356,324945.4885383113
357,333811.0371087189
358,300977.5803087335
359,207270.4754788801
360,167237.32777314913
361,334121.5094827325
362,183731.69906053552
363,321134.30516288197
364,147640.13569355616
365,417304.00733391754
366,321161.1408090219
367,297824.1031596209
368,191646.09399030264
369,307163.3769044583
370,309409.19219280174
371,244056.0089434199
372,81019.19110728102
373,291938.00249392074
374,282124.7278508181
375,329593.10068510845
376,232614.78692500992
377,324461.55772081576
378,288628.9602195537
379,265835.1916227811
380,332675.9764323039
381,161853.08275415003
382,282186.55141294
383,303484.0419503576
384,315026.1669243104
385,258585.19778090622
386,232929.02560013533
387,117321.6196948858
388,352669.2590884855
389,281734.2984645874
390,293148.75688170874
391,230024.23962335754
392,277173.2301278375
393,256331.69772370905
394,165167.93873134162
395,342100.06334250746
396,289568.1859005084
397,273281.25110538304
398,289055.184591244
399,287260.6194011178
400,316144.16842407035
401,221689.90561953466
402,350311.6897411519
403,330113.95955794165
404,336003.61206472805
405,122720.88556276774
406,257670.9345102301
407,389212.2016519769
408,144378.4701314182
409,354790.7793135182
410,311730.74463050766
411,369598.470579532
412,204477.97624873603
413,327024.5566463871
414,250016.33849909343
415,175018.725622728
416,209313.81866495544
417,169318.05510906596
418,168060.0030624587
419,408912.20442724414
420,236991.65116041154
421,214698.14561405452
422,533312.1141797211
423,246606.34296014626
424,238601.11562448507
425,242960.34475103253
426,186262.07852911623
427,281245.6493447176
428,241897.9202448926
429,284099.8495161133
430,246114.35901090503
431,242703.64996108925
432,232426.26428615442
433,209851.36798045784
434,303337.5257812864
435,413657.90057375096
436,344389.37611109763
437,252090.32913293038
438,445689.84165988024
439,306626.9043785562
440,329278.7703685686
441,165286.21330010798
442,308858.5925592673
443,139014.70441913093
444,306168.0651368229
445,261670.21946229273
446,312416.5350139369
447,328082.807389671
448,236107.7835013969
449,264322.4615278626
450,298642.9483439466
451,312666.8825871637
452,182473.48834331566
453,326297.1730011315
454,160265.44248771667
455,368364.4189450713
456,179959.17985118972
457,366919.3980147643
458,160067.00139238406
459,153528.72482673917
460,251035.04137470946
461,287115.1807573857
462,315187.9052938903
463,309133.44609328266
464,257419.3478889945
465,206905.66539923195
466,152708.04168223776
467,213565.3420726317
468,252654.07341787918
469,323476.50288604386
470,326079.72967883013
471,196542.10230935132
472,330493.7235286371
473,538701.764722378
474,190805.95466553
475,341404.8601269503
476,518932.24274528865
477,160722.90219911514
478,211385.8481977745
479,287417.2942772242
480,346859.99417592306
481,162618.5653987839
482,312145.1011753152
483,250411.08411714341
484,225652.96802585758
485,274675.1021177396
486,216565.11694226833
487,135626.59136738768
488,225372.52139162645
489,371128.88298398955
490,357381.92482841574
491,243947.17681810446
492,270950.97658227524
493,312139.2704518875
494,294057.98024520837
495,317598.9735973389
496,121048.48508259421
497,304792.6193977371
498,117406.32051636325
499,266109.53130768705
500,327562.6570458263
501,243006.80907015922
502,292736.06099307304
503,42340.411005923524
504,137596.65950600524
505,328291.39292361354
506,262282.22064810107
507,244736.12811596505
508,206863.35047734017
509,106593.2786755194
510,283167.59949027374
511,222603.94477778813
512,242408.42391536105
513,283472.3650155156
514,346990.03170398204
515,186981.2813732531
516,141137.11714591086
517,262531.7832081304
518,378808.70621803775
519,352287.0398854292
520,182352.40025341
521,282042.4815391754
522,279207.36126775434
523,329905.4132272573
524,309963.10638723476
525,284346.0857916381
526,204728.2994972905
527,154349.39611401828
528,272431.99923078576
529,237502.6735627479
530,207138.19067236362
531,260953.8527856823
532,257697.92208872456
533,363594.36881718226
534,257272.62381043052
535,242831.97590533178
536,293092.4821832627
537,336133.672946414
538,350056.3965769652
539,286945.66781874513
540,269992.51423490513
541,260529.5756681692
542,234185.1908210828
543,161247.3062461284
544,309576.828275505
545,310580.1175247361
546,362678.3010668019
547,145480.7247703201
548,245377.2529095877
549,449218.8788628555
550,248845.48011221504
551,265843.8315901272
552,335275.6635439135
553,223786.04856659705
554,313489.6801218507
555,253112.68368234718
556,260481.11260943534
557,161874.35687185172
558,309509.3315996863
559,161532.44228512608
560,259524.1792111392
561,239711.67999275448
562,339514.3182818219
563,158901.24202872114
564,99853.47164813848
565,314650.19556550216
566,293118.0577115249
567,120173.12480203388
568,350711.21454974916
569,326901.71518972423
570,319478.2062076046
571,287795.9605917693
572,152446.29855245585
573,285901.6893758122
574,278501.7742774021
575,290205.67586635007
576,138936.57539368747
577,176155.6059009023
578,155382.80817721132
579,184905.14889211953
580,295108.25725133857
581,148608.5037140632
582,284200.71774679516
583,253237.60499543324
584,313767.56299305474
585,378440.4841134534
586,319615.8483920386
587,315358.47136824625
588,223546.29058099817
589,676303.9150160262
590,179254.27946777875
591,239323.87559746113
592,182408.96049210196
593,209909.18741266616
594,182224.64695474505
595,352687.8155780318
596,198238.69457473792
597,330421.5966079589
598,291851.0486293896
599,293924.039873607
600,297115.1915195179
601,426921.27604374196
602,322162.26844157465
603,278857.0798657518
604,296801.01111936057
605,269827.0184451863
606,172775.8905677162
607,223460.48519525165
608,169360.8630099818
609,359522.7408497655
610,239543.2168860943
611,208615.42854363238
612,366070.2707974417
613,262519.3551253653
614,141948.49583074497
615,324084.68806548556
616,219511.67583921552
617,266079.6394625539
618,316898.0867974069
619,183394.8430215991
620,310488.27799161803
621,240461.46592652844
622,249998.04268234596
623,338355.2195342276
624,89772.92550271098
625,273885.7436647252
626,308971.5232919543
627,194147.2644793517
628,345365.0872603301
629,204166.11437794473
630,244771.4798483816
631,351628.1049319925
632,335687.53229824034
633,237054.01596485777
634,170542.2245796374
635,199671.20631890045
636,280163.53323340183
637,276445.1734384503
638,351655.49110816326
639,429907.91118007386
640,324520.09066978516
641,174138.10159982694
642,200418.12392546935
643,323705.5658702012
644,297137.63890393404
645,350533.8546198718
646,252719.20335659944
647,349842.62355040153
648,270736.82801528275
649,214662.57152129803
650,294766.9882386443
651,333134.7282153107
652,192714.3431311017
653,217782.04966989905
654,195510.37405111408
655,357721.73594130203
656,279352.59697734565
657,268253.7473111078
658,233113.87442014366
659,227433.93762015365
660,361392.6661341451
661,288896.001431542
662,221388.73325851467
663,342543.14346759487
664,309166.7983205323
665,403377.00551181287
666,294422.75674205134
667,281681.27943500364
668,286681.96112242434
669,275400.6506133247
670,227073.9690306834
671,183738.8343786439
672,186825.82078390056
673,221680.05885032564
674,377059.1510126949
675,288976.2127159429
676,342797.5598555887
677,337172.19051989866
678,276810.8241977268
679,325768.6626683809
680,173660.49327459512
681,306320.42190126795
682,347842.35297144763
683,603177.2767654955
684,268643.6569523979
685,352662.2098101117
686,327677.036369008
687,338286.9869187148
688,302723.9808622431
689,235777.2704190435
690,281178.86718754936
691,159929.23942288058
692,176383.07351362985
693,199480.46965896338
694,380753.8513969369
695,281901.21249582386
696,215712.383905184
697,271512.8399896333
698,424510.95886180596
699,360299.68976288196
700,294923.4944064785
701,325058.2215129463
702,171984.1670998875
703,334521.31913846405
704,192288.66326282872
705,253606.6429319973
706,87668.52087480156
707,164405.39747947454
708,317756.0553494906
709,229552.48147667525
710,148188.3995257821
711,253151.1775154965
712,332635.4202245106
713,336224.6598671442
714,379659.2265919964
715,120876.17562078731
716,259480.0935960249
717,341437.0002764426
718,156769.96387196518
719,256893.56967198197
720,290319.2708785315
721,147732.19988672156
722,391857.57661142154
723,315313.5275652888
724,101739.05236963788
725,327184.4740091157
726,195237.66451488202
727,272511.4168765056
728,323581.6316755959
729,179980.31144745043
730,169870.06877951324
731,321894.15723898914
732,677009.6430645324
733,314248.6937952172
734,348559.17026950186
735,287576.08878650516
736,246702.11943006841
737,248824.6495695687
738,313611.0359680373
739,319352.1986976559
740,269466.2349250228
741,277829.51126696775
742,328193.0106828986
743,134366.60507256398
744,284197.40553282574
745,333833.6256354749
746,240348.28078641836
747,275821.2692286698
748,273812.76020924887
749,194489.77706112154
750,389753.2036070386
751,342676.40427412884
752,168275.17202809174
753,234034.6746769552
754,183645.86713196384
755,253505.45175956422
756,229050.34060192807
757,386568.3259408977
758,308816.1224243613
759,84383.66607729485
760,293746.42433317425
761,324803.42205447704
762,159750.93786012335
763,311118.63785806205
764,184254.98766905954
765,242886.53564419737
766,130952.34371727332
767,200619.86045491183
768,180016.2877582847
769,285252.99246654334
770,253128.53102040617
771,361303.9149233927
772,200565.71517307637
773,208922.10878012422
774,260739.45553170796
775,279769.85320125334
776,136600.30656944914
777,319481.04192878865
778,303881.95032722596
779,199579.3984245928
780,303587.8247670494
781,348479.19303843146
782,235489.0227837311
783,289642.1402236456
784,254723.45230804663
785,291302.28703418095
786,282103.38139626523
787,280456.619778567
788,306823.48824544065
789,265094.69942672364
790,304579.92431815993
791,237079.41099359142
792,280630.9134965851
793,291489.0539360023
794,283062.4141113274
795,347120.5802721479
796,184938.89534958173
797,452288.8973758053
798,317694.61022110237
799,187786.45112528466
800,204832.07877426269
801,222045.03743102495
802,452842.3833170305
803,309035.82911167806
804,286403.1502986518
805,181081.83478396107
806,316520.28192152176
807,230579.9600680289
808,328054.37022406654
809,298662.3556968728
810,303420.9593137698
811,238025.13314607134
812,167827.35668728082
813,326733.71928546485
814,314502.491093575
815,294843.4813155057
816,260252.24688908271
817,256437.5178772281
818,213066.68258222146
819,256453.1555172745
820,251188.4010748812
821,205543.2259793901
822,286561.9002383882
823,324073.7791229021
824,334578.1942656017
825,53432.881121102255
826,151757.21195176058
827,161416.21009302884
828,242577.53247854486
829,300968.5154361641
830,257464.8207836724
831,166303.96467382088
832,129779.02275773883
833,328808.35455651954
834,170380.21202074923
835,189862.50121331355
836,124114.9581732112
837,219369.40292508574
838,434908.4013638557
839,211270.99648961797
840,161278.93292497844
841,214396.37250029156
842,78207.93466737121
843,301957.36330620944
844,292788.8672315357
845,298638.26991599705
846,246843.1919175731
847,244575.32234983658
848,282332.36521696625
849,323302.09914216865
850,145503.4332447173
851,341149.5575150228
852,216508.04038590007
853,233490.876467044
854,242016.37312314613
855,144519.2268206887
856,405158.3448262047
857,299708.7060533175
858,150676.9945253455
859,260104.8896309263
860,249645.8698964822
861,299735.0747758723
862,152179.41771836067
863,237498.70225053653
864,161654.454653149
865,273094.42408321705
866,361162.76522817416
867,325689.4237364577
868,274718.08898676094
869,286221.2392642936
870,292154.1761332904
871,274443.9741260549
872,176872.5376348123
873,298893.988443139
874,341025.7186880284
875,287408.5677841739
876,262780.82266026596
877,343792.1197958798
878,399211.4241244346
879,231995.34119924763
880,317432.08991920715
881,290039.9296961501
882,236690.21728401165
883,114234.45925331581
884,294565.14538770774
885,305998.6378588411
886,219344.42670527194
887,317010.7699588309
888,249263.57683338458
889,262766.1912080515
890,290334.9384294213
891,265518.14691160107
892,417296.27622778295
893,351814.5525482488
894,171444.20763777196
895,365211.7431004336
896,177044.9698351398
897,161862.3885489083
898,328332.6123277191
899,372454.367119113
900,265092.1199726914
901,400897.59574250877
902,247900.6799697848
903,240930.9053068799
904,243602.9144356232
905,246146.05149815604
906,300771.63783954224
907,310606.59838151326
908,250535.2380488678
909,79984.53727057716
910,307893.0624179011
911,261267.08933101175
912,323038.46193820937
913,318537.3498973837
914,171436.99533166224
915,167535.69413074292
916,271086.8583349539
917,513472.0511895539
918,118939.14277362823
919,335189.33770855376
920,310184.8904413013
921,312183.62401797855
922,237297.49857430952
923,358472.47031453997
924,551694.5017330442
925,343848.64463972393
926,241856.39175106678
927,185739.1685330202
928,357989.2312140167
929,341225.05215338385
930,295887.01770725707
931,246346.49810388405
932,244066.09448783007
933,175195.63783322554
934,253905.3140036515
935,347529.6583926901
936,291327.98120299866
937,278894.67141397344
938,178205.7992447964
939,256619.02210665215
940,164934.96625636844
941,186481.7773740515
942,220285.2749041859
943,291296.4134096997
944,345552.9006340895
945,155866.16954478947
946,267482.3030035943
947,303814.9407917233
948,251856.8615185921
949,337264.92421648744
950,288980.57729027234
951,70302.39843723644
952,239304.78043359192
953,410832.1089629885
954,272363.93095634086
955,288157.6609719638
956,311231.52213179134
957,276407.02425917843
958,261095.36108554853
959,312602.4409852759
960,214796.25799393142
961,118330.05466045998
962,193599.83757271944
963,109788.76634715218
964,218183.85057871882
965,347755.2406666153
966,322707.78748564934
967,200202.27652955754
968,413931.8327840371
969,186993.08636624878
970,277957.9580291696
971,367171.93103508
972,337041.90724503016
973,138492.47632782673
974,289693.58588949544
975,336637.0741318604
976,284279.1176134022
977,217743.00716996286
978,138500.45977832098
979,289472.63798600854
980,274142.3817994618
981,345137.3937117299
982,316341.7623780719
983,260073.11665249895
984,387377.38136976724
985,286037.76330596395
986,211717.99130320922
987,252936.20999778714
988,246482.48922227416
989,215070.41315671755
990,346526.3633358851
991,309101.27247825963
992,214222.3997856886
993,187676.56224077288
994,259898.47957426263
995,276584.63359709224
996,184679.3198535405
997,334325.77248440357
998,180830.1837042095
999,264107.9688373548
1000,394850.09255491616
1001,284698.6432947549
1002,254887.27385265753
1003,241164.9995446792
1004,306194.26661434676
1005,267895.99317862233
1006,228845.3439848423
1007,145336.05322658317
1008,234736.18373512942
1009,361043.71662378963
1010,294037.36433042446
1011,196731.22647037357
1012,302462.1559920269
1013,276333.37716697296
1014,246277.66669903835
1015,240470.3902245853
1016,215886.24694972066
1017,352514.4883727408
1018,183923.9356615073
1019,287496.1816986017
1020,116712.36748181935
1021,351774.17384198215
1022,312592.8678732184
1023,192921.33333901502
1024,302910.52690057084
1025,326000.15943085495
1026,396951.2071582009
1027,134739.13584096218
1028,278021.2941302657
1029,305366.8409233107
1030,99487.00211419305
1031,119557.00108860293
1032,311239.95360246627
1033,175701.92809905997
1034,340459.14196466096
1035,210122.33534929436
1036,253765.3429032392
1037,304708.5051517044
1038,309020.6603067587
1039,299183.0772133181
1040,384234.14397412166
1041,264884.851197782
1042,295741.86059891945
1043,147287.55155576533
1044,157611.01569693955
1045,246364.0542248385
1046,312162.3169176448
1047,208464.93851089012
1048,288075.4745483259
1049,250199.1938067656
1050,197817.8495399654
1051,135747.53425991768
1052,176407.65962373838
1053,222584.69967079116
1054,230232.07012312347
1055,256737.35318393353
1056,297806.23762481473
1057,236428.4559450606
1058,291195.7708342243
1059,206378.87282028422
1060,292955.1030756468
1061,342060.85370922834
1062,186732.6219662507
1063,526603.374980892
1064,247524.0495372289
1065,257894.2187698856
1066,289815.7519635777
1067,221346.79398521036
1068,258897.55683859158
1069,264047.78150074836
1070,341716.48058572365
1071,255342.54244658118
1072,250016.7611837522
1073,293374.62475542445
1074,333057.9585245871
1075,182624.59734382108
1076,218244.63380078273
1077,243663.5208445182
1078,273132.5516449618
1079,228631.07660699636
1080,261499.07992464025
1081,96735.07921586
1082,319736.4131504176
1083,449367.0003011436
1084,371785.9717938965
1085,333162.9252803121
1086,177285.0826247963
1087,239123.9719986734
1088,287477.980975247
1089,414361.30340923276
1090,234803.40853798995
1091,296431.09296253417
1092,172833.45088836877
1093,258603.35599949304
1094,242177.73279656563
1095,287822.86402836535
1096,341404.6646225983
1097,121400.10033184849
1098,261619.23733305838
1099,319256.26044633286
1100,350949.89798981464
1101,143443.3158507347
1102,389746.5334641179
1103,351447.65807566
1104,261728.46646641567
1105,268850.44216705626
1106,334228.7492447281
1107,333119.8159609791
1108,261686.57923165616
1109,194761.07680174103
1110,486618.1692302781
1111,299761.4537166734
1112,327991.5012396816
1113,326547.88297327096
1114,345841.3281683768
1115,343020.2787234811
1116,166552.24611291708
1117,330438.46989207435
1118,178982.47669134894
1119,351840.1622550343
1120,414530.74915488344
1121,174089.70904876338
1122,382065.1164169884
1123,295645.057805927
1124,265962.24240872404
1125,267790.15451112203
1126,322261.08809661306
1127,163864.01397751598
1128,329169.68350808276
1129,362380.0727572432
1130,252187.91679658648
1131,229388.51590139559
1132,208409.8402746627
1133,149144.45105006313
1134,242241.5956052905
1135,251807.4236802142
1136,319498.83909978624
1137,292700.2944778912
1138,276824.24595482973
1139,140563.33967729518
1140,264161.98802381335
1141,325142.9873093064
1142,122987.00035531167
1143,209194.64616401354
1144,370980.43999593006
1145,177624.6246491219
1146,169920.39746282855
1147,159184.59556044266
1148,212705.0171261537
1149,261988.0565732303
1150,327310.93791979784
1151,217086.73864839133
1152,224932.9786045286
1153,130235.0113643338
1154,369433.3050363753
1155,323003.08255050424
1156,344998.86477904255
1157,352138.8980296771
1158,248658.51954777073
1159,219575.96155175706
1160,238125.81260728324
1161,303431.13700302364
1162,256984.11138500087
1163,291416.5864961636
1164,274479.66051496286
1165,158478.09389833687
1166,222428.5169864865
1167,190400.98742391635
1168,250576.54736471362
1169,201121.0342380437
1170,281241.00906588417
1171,321256.1424085554
1172,299694.97019089246
1173,298449.4830648643
1174,373332.76100416994
1175,337466.2386470353
1176,211341.325910117
1177,203019.16680827877
1178,278498.16013070755
1179,249957.83176880516
1180,129300.83939686697
1181,439320.4499448687
1182,434283.43249650905
1183,299361.1268670382
1184,585485.6877818406
1185,234597.46185831446
1186,290299.33099722303
1187,239132.09251069883
1188,309605.55265589803
1189,271707.5236116722
1190,212454.83109936165
1191,317272.67968086153
1192,361663.91329612955
1193,245722.50312106498
1194,313349.1390999998
1195,239451.21408944018
1196,214810.36653782148
1197,174172.54961569933
1198,335915.14631737024
1199,296897.94777354784
1200,238529.52301503997
1201,205617.04546179203
1202,353790.456598456
1203,284287.4970603967
1204,231396.10672818357
1205,330144.60293084057
1206,332248.02025679173
1207,217854.57986636832
1208,232416.75557283126
1209,185645.6950128628
1210,321608.4240415329
1211,152521.54893721268
1212,260883.2349400227
1213,170292.69322855398
1214,331048.6761877192
1215,354708.8652854189
1216,368630.83167774975
1217,212527.11515057366
1218,307711.59922063444
1219,359467.9491540105
1220,186047.20928973984
1221,253148.14564722078
1222,263862.53459438914
1223,143812.71610498754
1224,249500.01505939243
1225,306141.4402937102
1226,295420.30562208686
1227,355797.513144447
1228,293190.1028253506
1229,255228.92499587405
1230,282841.04353894666
1231,339080.48266624054
1232,157484.60053286003
1233,385102.4785991162
1234,411926.986227002
1235,338383.6104963813
1236,290079.85431767534
1237,455442.8074800647
1238,192277.7953132498
1239,83210.16311011603
1240,341573.3446902288
1241,328064.570489069
1242,369506.6661032336
1243,333214.6298683351
1244,286234.0156090674
1245,219919.26045523724
1246,248042.54963593
1247,358243.74656694103
1248,285025.08113128226
1249,272772.28208431136
1250,266893.9361019032
1251,266785.43334896304
1252,238260.6443427233
1253,167598.31680875178
1254,268838.2693524156
1255,309695.05369653925
1256,299149.0645228438
1257,310469.1487560747
1258,282204.4559498662
1259,399295.0686135087
1260,141036.59651416447
1261,232997.9437258006
1262,198939.64938091673
1263,309152.39236633014
1264,327659.4781196844
1265,318858.6813526973
1266,100364.38312064856
1267,239066.99595615827
1268,312114.4225044064
1269,275566.5258148527
1270,291558.0856743292
1271,239039.16394555755
1272,351251.2042514258
1273,286642.2003745334
1274,298062.2658936237
1275,212427.28513985965
1276,333508.6004102477
1277,215029.2877984466
1278,320232.1770387194
1279,314892.9502018485
1280,213694.78439681185
1281,217169.53295520786
1282,270762.10139607405
1283,236347.8316439637
1284,441793.9503826671
1285,163270.70831715874
1286,183663.84868251206
1287,284059.38846145244
1288,292158.51077709766
1289,284825.50041057216
1290,350411.7349938364
1291,288563.3508766806
1292,206402.28896589158
1293,172379.54237758555
1294,287024.33627554076
1295,85137.55530189862
1296,342133.6703760582
1297,241226.26649629604
1298,322613.5620859028
1299,272645.93965733424
1300,372079.12255703704
1301,330694.0638877
1302,318745.53396767424
1303,210035.51531033404
1304,313060.046944187
1305,375266.3556220196
1306,377612.35357670207
1307,106791.90834556147
1308,302049.2892740192
1309,128036.19483854761
1310,142808.65220517572
1311,397021.6199184954
1312,304530.9584783376
1313,294098.30943059083
1314,266258.728119405
1315,389669.62559885764
1316,283081.43439796893
1317,289585.4074132377
1318,178380.75180747546
1319,331455.6653752993
1320,262537.24418492336
1321,148795.3084128257
1322,252811.38149255188
1323,292347.77159265755
1324,285248.48146252893
1325,238956.1702691354
1326,319810.6388235665
1327,257933.85288953688
1328,342674.165831767
1329,341056.15158617776
1330,279983.61421573535
1331,287356.26849225163
1332,347301.179921072
1333,272935.0126464963
1334,197272.94701566035
1335,571641.6921643382
1336,221365.1549753854
1337,245758.8463179916
1338,246057.03785440233
1339,141635.93473667
1340,307698.2321254378
1341,111521.06018052436
1342,300606.9184765853
1343,223156.35087092174
1344,304261.9858994181
1345,288773.07515243953
1346,209211.1932563968
1347,276546.6510771625
1348,101573.76225817902
1349,213710.6268786937
1350,283388.65824986435
1351,271126.8725312287
1352,229821.43951624027
1353,290646.3600015687
1354,199528.417111211
1355,478511.22520955605
1356,268467.02627660474
1357,178617.93901796546
1358,345278.89140957315
1359,339775.5541190002
1360,312640.60714613413
1361,427819.15265533887
1362,294161.40035817865
1363,314752.4669013112
1364,281180.1820915602
1365,322636.09076417424
1366,293254.4317115857
1367,467691.2261619689
1368,282596.0386941773
1369,164613.0951885907
1370,258245.21250478318
1371,301464.05446471693
1372,249030.50006263563
1373,189194.10140046198
1374,281787.0080569512
1375,457889.49266983103
1376,278291.3544659456
1377,253548.21126706665
1378,267017.2860730407
1379,107816.55565034179
1380,192249.4110092367
1381,315819.0074729747
1382,222935.39003560226
1383,353399.2844625744
1384,306951.38575873803
1385,303228.3449365846
1386,326188.47811451275
1387,246792.136214762
1388,251509.22152462462
1389,273879.2647172408
1390,175553.07539808238
1391,281634.14809764875
1392,366631.55983876204
1393,300803.2461787169
1394,286009.93782947166
1395,222208.37923280522
1396,265834.4409625833
1397,225764.29116284754
1398,311646.82845031144
1399,481897.9759714734
1400,278464.1696363534
1401,272026.75786615023
1402,316518.9253015835
1403,214231.56261385093
1404,272998.93423792673
1405,181350.46225072304
1406,294110.04910528054
1407,294713.6652386524
1408,210321.6290573934
1409,321496.9897781224
1410,350737.5597591228
1411,196843.48554318305
1412,130368.8757316675
1413,310269.57561193174
1414,309837.8738851636
1415,177535.34455616632
1416,139757.16746013844
1417,250373.9850662984
1418,447943.08145201486
1419,336621.68528822437
1420,259477.78680064157
1421,303922.1120843184
1422,172578.73124675266
1423,206846.97454616427
1424,293802.5903209187
1425,196435.35524638835
1426,612960.6703760717
1427,328973.8726891568
1428,325442.59977154294
1429,261411.20252211625
1430,186544.5320762461
1431,169816.99765187083
1432,304262.7578810733
1433,323867.2932391418
1434,177363.92763070436
1435,250075.54264667258
1436,293752.09150605416
1437,304724.29853687575
1438,339309.4253944447
1439,313480.5834753271
1440,338597.48622478405
1441,291495.3129123184
1442,222457.33258499764
1443,322421.42035196815
1444,285195.82258086326
1445,181732.1231642631
1446,333962.6204561372
1447,262878.7397442972
1448,275103.5223824871
1449,346528.4674300165
1450,249484.76332853176
1451,188578.03098274302
1452,249779.7124760938
1453,209491.0686706584
1454,320795.7298953044
1455,302105.6206265683
1456,235335.5954137314
1457,246826.59253127826
1458,199048.2345525287
1459,319261.6288733906
1460,183290.07381131127
1461,302907.13359051803
1462,247982.0391728715
1463,226214.76837144
1464,365405.4868378588
1465,238006.3706018175
1466,194798.89323977847
1467,442611.4101477894
1468,215835.99152624747
1469,164066.5135969869
1470,209134.7791378051
1471,215897.92271636473
1472,336023.25088629965
1473,266912.0659519271
1474,127305.52757836087
1475,251989.91852240264
1476,459680.43284488237
1477,283443.7858933434
1478,373705.19592167996
1479,172216.0227397536
1480,184839.84655002924
1481,156472.04478508327
1482,191541.62934022117
1483,232905.73778609978
1484,184577.41656413395
1485,319408.2756444877
1486,228454.24428079603
1487,191304.73430178314
1488,421108.5915262997
1489,209868.54613976507
1490,232590.30566250486
1491,231620.54943546234
1492,180727.54193920363
1493,248334.55960663548
1494,275251.3334636651
1495,147044.9928265689
1496,260788.80641735997
1497,255684.13676830288
1498,305210.4107575952
1499,240559.4100829321
1500,249747.955878702
1501,323962.8806740255
1502,231947.834655914
1503,182853.85317206196
1504,483312.07009570487
1505,269895.06547822524
1506,507701.8622018285
1507,141537.50824009534
1508,167529.7655064892
1509,239175.98639970645
1510,275809.5724437437
1511,93724.36423136527
1512,243047.266500921
1513,287956.40917040827
1514,299029.7616804498
1515,202083.8309037201
1516,274208.74741712864
1517,231622.32712651463
1518,329497.69026474236
1519,255668.92248129845
1520,298898.6311171525
1521,191681.0675394698
1522,293762.7052022135
1523,243887.31466986611
1524,363977.8658078746
1525,148848.77178392792
1526,217727.21355815
1527,303224.3282891875
1528,405491.39098177524
1529,273703.75704316655
1530,286517.44534053607
1531,199142.15469270665
1532,276087.6184116923
1533,252931.87284720503
1534,276513.9367793766
1535,266355.4650807185
1536,314448.30096872104
1537,216918.2537880186
1538,297831.2374856416
1539,285459.07769074896
1540,218406.49090256635
1541,228089.88096007658
1542,263024.15342562506
1543,307452.313024133
1544,354302.6435984117
1545,280640.01887983084
1546,288240.9784265645
1547,348611.92663066834
1548,318563.5972714899
1549,158980.7232740363
1550,150359.5503535536
1551,357919.4083219641
1552,229540.84305873
1553,255690.74958207086
1554,265158.51870837854
1555,221395.3622376537
1556,343376.8988843905
1557,344652.89805000834
1558,324576.3410137305
1559,308606.13530700793
1560,149659.0257437667
1561,295216.7319993926
1562,244400.98117215047
1563,251636.67855008226
1564,259308.57552172197
1565,210490.4034112799
1566,299672.67693610303
1567,269564.21974116005
1568,293977.1613697
1569,255533.06907651108
1570,279836.07445235783
1571,150432.62643421628
1572,168852.3301756871
1573,388156.09186341893
1574,266616.9211154119
1575,168245.35077086464
1576,283914.76516659744
1577,221226.94258638332
1578,198830.89819572354
1579,330094.14052314265
1580,229503.90407841606
1581,115017.77008557506
1582,254847.6403088877
1583,351929.0672584125
1584,330613.35747143533
1585,138522.29925472802
1586,303690.76888715196
1587,144123.46291389316
1588,218521.91995610204
1589,150415.7754158266
1590,396693.42721946305
1591,244349.29892512504
1592,351581.76289053867
1593,111859.97572923824
1594,279421.22810777184
1595,399290.8984583458
1596,303590.2468589186
1597,453526.4396577971
1598,293278.25224540895
1599,213945.97133050254
1600,194590.5369799845
1601,285376.1014892068
1602,254380.2782910955
1603,310642.6333012879
1604,190876.70932617318
1605,201357.95383212762
1606,160894.4929754599
1607,291680.7431437005
1608,274434.2042052997
1609,253384.57672323147
1610,294489.1077433955
1611,139869.99431085447
1612,143347.63662165403
1613,252267.62427988555
1614,295054.3306559627
1615,303014.3900563847
1616,156102.76635541813
1617,310182.0504409657
1618,283504.50187978195
1619,290499.190844432
1620,312598.5941895149
1621,205252.7384374002
1622,281691.24065767694
1623,447987.7860867628
1624,444237.0336806406
1625,258148.69458831847
1626,221430.29919501906
1627,124034.38544047857
1628,154072.97814646875
1629,279002.3287548544
1630,184500.42785717035
1631,311879.0921647921
1632,201186.17525546486
1633,255216.8034610604
1634,220763.20138176577
1635,230274.67309335805
1636,220249.76430410147
1637,138118.10034899786
1638,349613.75226814765
1639,269711.1190967178
1640,96823.71917325677
1641,228293.25079860352
1642,212236.22093415493
1643,191095.89290721575
1644,405524.5807570489
1645,165261.8445243826
1646,369929.69396024756
1647,259337.3408676847
1648,306216.17669648584
1649,292763.2286916133
1650,221652.62722934084
1651,160792.0025358633
1652,314595.7980246963
1653,139381.49941908382
1654,343753.9266281952
1655,506409.8574694637
1656,211501.22494931286
1657,299847.4226526008
1658,123116.14990775567
1659,342821.29256106494
1660,288971.08317454206
1661,298239.9144847593
1662,374724.88635263266
1663,278661.11717794184
1664,161482.5526171131
1665,310550.45047279354
1666,185452.15513324458
1667,176054.04088174226
1668,229870.79197287513
1669,304258.6945200502
1670,132223.12778814137
1671,320053.12423884915
1672,339632.24463428557
1673,240305.62595216045
1674,72991.08549205307
1675,323541.18059710413
1676,135594.26886922773
1677,165156.02016744576
1678,313936.89797777776
1679,265888.0247712289
1680,178416.13575112773
1681,231247.19124380127
1682,305514.92188347597
1683,316577.52741097147
1684,136074.93318275176
1685,294872.1635702546
1686,282744.44187093247
1687,245635.25884284545
1688,146346.77133521764
1689,263427.1667105998
1690,188412.9472790789
1691,287233.49747144524
1692,252403.49245181214
1693,126011.53601175733
1694,264888.60047317715
1695,218121.34475303208
1696,556635.546396832
1697,174986.40830717934
1698,115825.44419223955
1699,178950.43147182185
1700,290479.44912046334
1701,334760.0667532864
1702,195693.6214265162
1703,162253.1772116623
1704,306666.22270447994
1705,198427.07891968358
1706,255507.9852136341
1707,106186.3082528105
1708,238495.46899201442
1709,385630.74298785627
1710,318648.4025086737
1711,250771.03044666722
1712,275121.31547990814
1713,268336.7269152398
1714,342658.1217568093
1715,313257.59937374806
1716,317274.4584254306
1717,377852.6559128696
1718,306105.27927808603
1719,297279.9345993805
1720,254808.03035117686
1721,301048.006003472
1722,608155.1339122783
1723,272600.25028852746
1724,258112.54149533855
1725,204781.73118785582
1726,321176.89230485866
1727,269573.91005157074
1728,141106.79508121358
1729,108570.05905237049
1730,231979.34585612826
1731,128268.35614678962
1732,305429.36026238
1733,304673.0102427611
1734,277824.4166420037
1735,304218.0112130833
1736,300449.3458045288
1737,320854.55302591436
1738,351318.6762684202
1739,325787.7447384498
1740,330805.1847841898
1741,241068.30968924332
1742,230707.78609696543
1743,349041.0191701809
1744,260462.49711346533
1745,392072.11878020223
1746,361008.0562412725
1747,324825.6113521722
1748,236548.65271696215
1749,280360.45221681613
1750,297646.0177458124
1751,373830.5960693862
1752,358321.0050384011
1753,285269.558319482
1754,309387.86155523965
1755,188116.15328166215
1756,202226.21480937023
1757,188360.54690825567
1758,167780.48469473748
1759,289487.8960243971
1760,397113.3884919998
1761,164664.21836181544
1762,272725.5608603759
1763,360748.3896641014
1764,290859.2352083945
1765,369939.0621779952
1766,177273.64081175067
1767,225673.8479676526
1768,241438.56047770102
1769,118733.57319862535
1770,199018.93999365065
1771,124798.35351568693
1772,222497.20696347812
1773,258246.44954543002
1774,292880.6502065328
1775,518982.5543318186
1776,288224.9735217076
1777,513027.7538667023
1778,373765.1991090784
1779,376039.39367278107
1780,497652.76785478136
1781,318969.40879219864
1782,352065.4902720335
1783,290433.51346629765
1784,113293.55432761274
1785,316934.48789522424
1786,200981.70442415308
1787,304626.22626201436
1788,235978.78243909497
1789,295759.0072241225
1790,265708.8007322876
1791,279271.3737016828
1792,324613.91141347494
1793,248384.78849680396
1794,326040.6008408307
1795,214767.02067599492
1796,310052.7316183578
1797,244197.79241194483
1798,187512.63617940107
1799,189467.29600509582
1800,329285.1038882588
1801,155641.07039030874
1802,273783.87268952094
1803,240168.29367033672
1804,362229.89470112836
1805,389357.22631022194
1806,122415.8854564107
1807,299934.3543454851
1808,304538.6885994915
1809,288059.13508372847
1810,206491.50633359049
1811,280937.97993012425
1812,290707.9081501006
1813,255183.08911140077
1814,291216.08713203203
1815,219746.09658832848
1816,280215.2638840177
1817,216500.51947088353
1818,240137.81335153943
1819,295321.2913132268
1820,301473.9493748392
1821,156621.8955404642
1822,158017.34213218
1823,265570.0207456276
1824,418877.7750392589
1825,348459.80422233464
1826,335448.49149579834
1827,321426.1863955646
1828,280786.16222954635
1829,241095.1866199253
1830,295883.73124683043
1831,200439.93026858242
1832,345286.64930006396
1833,275372.51819747547
1834,207515.5659130509
1835,175441.6901996322
1836,274577.20853003766
1837,199634.6544646453
1838,145406.51256859628
1839,168023.34718120284
1840,268366.76474619936
1841,234145.76061921753
1842,203042.98475378798
1843,410171.0529451133
1844,339438.952538142
1845,312935.9223270649
1846,223947.615585112
1847,310453.7287044632
1848,388393.0401153378
1849,81559.31881588465
1850,303832.4246440232
1851,208141.9475833373
1852,318281.3650477356
1853,317571.83637831593
1854,321131.4655026053
1855,281105.5822289665
1856,320296.361740171
1857,277524.68920338247
1858,184649.3323849016
1859,309053.47683410114
1860,258945.24258162407
1861,291979.81434324477
1862,412242.9573339261
1863,219751.03568852227
1864,196768.53646685742
1865,160750.083841315
1866,317580.8086839258
1867,325070.51711259503
1868,403398.173915769
1869,152955.80275898566
1870,217655.5881120842
1871,120913.01601314219
1872,247108.12730479008
1873,286916.48890112527
1874,258927.62017480005
1875,283305.2731207316
1876,151268.51311338227
1877,152865.7967799236
1878,203849.1421486223
1879,303529.94816436805
1880,152507.91870204778
1881,246134.70886465907
1882,192355.58933958365
1883,266932.8561435379
1884,340159.2741073235
1885,246898.49819724215
1886,235619.78891852032
1887,492103.91026281053
1888,356832.4312254158
1889,301383.30671318155
1890,296627.7057157112
1891,250120.4476866629
1892,321716.26093624206
1893,225199.88453792734
1894,156104.74916044576
1895,173667.21754989307
1896,435212.62930798624
1897,207069.97702088114
1898,411750.37777685095
1899,217763.27990085864
1900,269532.5975935678
1901,171084.11548938602
1902,289257.73523360724
1903,162063.78789090225
1904,302880.72893740516
1905,189546.9992310712
1906,194696.54750567675
1907,285341.5651477757
1908,263428.6754536475
1909,220508.2779089869
1910,216504.14243644197
1911,312387.4561825758
1912,252580.6194380098
1913,280851.9000240145
1914,295748.44049368706
1915,190848.22427381156
1916,314654.0026901774
1917,165522.9926129533
1918,275339.38101906795
1919,207280.7166684931
1920,341506.4553667791
1921,144394.3626604043
1922,351798.5660845833
1923,326200.7164639998
1924,339397.32491258346
1925,310298.6174842068
1926,257406.36824971437
1927,309460.09668660304
1928,229990.85415340262
1929,326983.9732121648
1930,298884.054220974
1931,285056.0709148897
1932,260249.88914671773
1933,253405.6106602121
1934,203346.53658742737
1935,287756.0375646814
1936,282273.02119753277
1937,282141.3375430498
1938,196737.1614296427
1939,189254.17485225713
1940,308790.779958772
1941,175178.73162361886
1942,426873.6087369104
1943,265693.98972065374
1944,39008.27930134116
1945,105716.03678820794
1946,294097.97205783054
1947,180836.92430979572
1948,199345.49724450428
1949,346096.00588804996
1950,324094.738049665
1951,143356.4379806323
1952,335663.77673526015
1953,308118.2955543301
1954,351694.8006541552
1955,276664.9869275815
1956,303491.5028327401
1957,289582.29469876504
1958,345734.15786658134
1959,339752.772028157
1960,345269.4288803651
1961,186644.40671101166
1962,87064.33201547433
1963,309510.17354245065
1964,315568.93094093585
1965,369943.19487585826
1966,414664.6726641031
1967,374391.25320260925
1968,312399.935927039
1969,356294.85751073435
1970,301166.13137147436
1971,340169.62651145086
1972,152436.84383574547
1973,234342.97901901184
1974,273867.95182662364
1975,278969.49441876216
1976,320560.0097153126
1977,470721.4707598523
1978,237237.75702342018
1979,241029.25884068012
1980,218943.85533144604
1981,259960.64836948412
1982,293924.57663141703
1983,155674.14130273927
1984,147099.99232777627
1985,304027.1050011134
1986,237709.1243826351
1987,150969.5889712111
1988,303365.7601422742
1989,412358.2430798975
1990,58165.19396837335
1991,216519.42007417185
1992,148656.3823459861
1993,189878.67280016793
1994,245980.45401747944
1995,217076.91981580155
1996,197633.55181819014
1997,263743.6526804557
1998,358099.8772445079
1999,468205.9785078089
2000,260023.11247030366
2001,263614.68588604033
2002,271014.11151653435
2003,213336.90981749725
2004,240858.08746962994
2005,344749.3962030052
2006,138829.92166036414
2007,254266.3090587901
2008,357667.4502901286
2009,293403.80330096325
2010,287487.56851727096
2011,323246.26341394754
2012,331798.39271144895
2013,296432.2146981009
2014,313980.01268852735
2015,343339.11009896453
2016,313093.4449726031
2017,303328.8400958739
2018,319978.67443720903
2019,313969.7785119652
2020,261741.6877657622
2021,282770.7149752253
2022,275988.5170051493
2023,242324.22517362423
2024,180856.39632355608
2025,168215.3962596748
2026,240483.72785681952
2027,272192.90703318827
2028,243310.29133011727
2029,301959.4669184638
2030,121311.43241630867
2031,165337.12229633052
2032,180357.71262996923
2033,307748.11039882246
2034,233868.6404277999
2035,151140.81098579988
2036,215494.16863776464
2037,259792.68728312617
2038,140022.64592406014
2039,179689.01274912618
2040,279812.6428387747
2041,322179.3437221283
2042,279125.228957803
2043,160259.39603405958
2044,181904.61901676143
2045,300329.26121700974
2046,352748.2301032068
2047,284744.4488235195
2048,81518.99501378508
2049,183983.59701796714
2050,274545.998934038
2051,358491.2477130187
2052,252089.48754212633
2053,304027.566318322
2054,199501.17100154236
2055,278202.9881420145
2056,234168.309544384
2057,239484.85308732698
2058,116593.35889402311
2059,328195.5092458725
2060,231954.53162381472
2061,197873.5123255276
2062,298780.7538903998
2063,114945.40418354096
2064,310377.67800630536
2065,353917.8074732395
2066,256914.53482280206
2067,131536.5405680635
2068,306475.8332433207
2069,322675.0012136791
2070,309157.92500174185
2071,180519.93243457004
2072,320643.4557201066
2073,332889.7494332283
2074,219999.6544911922
2075,222274.58483247692
2076,212870.22536151903
2077,243706.05316883046
2078,325872.6554085682
2079,247415.28493312886
2080,271070.0595426643
2081,231757.2461640425
2082,296948.00763370795
2083,322525.81399174035
2084,352800.41598672373
2085,297689.81805714685
2086,301354.8983065528
2087,224881.15495288465
2088,180211.98771141097
2089,390628.8643269278
2090,403469.53092389787
2091,273101.7717948444
2092,321501.9094787347
2093,261869.55334056402
2094,396782.1589280148
2095,180605.0648138281
2096,273402.9248254262
2097,299382.2678107931
2098,311772.21452240506
2099,396490.4705899642
2100,276312.6582081276
2101,260634.47715033032
2102,167842.36164084636
2103,303062.730320327
2104,240811.6560971979
2105,352950.22939704824
2106,309882.27245760895
2107,255571.2988275271
2108,152232.38711231435
2109,383818.4920533309
2110,236152.6895540012
2111,196446.08679672983
2112,271847.9176251865
2113,122015.91963743186
2114,292019.7680311911
2115,196360.4390344983
2116,249928.04099662416
2117,283074.97093469836
2118,168899.2163111549
2119,256186.00952278916
2120,312318.98482372705
2121,220010.04307148932
2122,188787.43936991226
2123,138915.61656880612
2124,210493.91584026022
2125,384058.4024630897
2126,367407.5763888848
2127,300982.75077523943
2128,361565.1321476158
2129,270125.6595932045
2130,242065.14647244988
2131,277949.95567277214
2132,350450.8697891361
2133,172189.1431493624
2134,365255.14167693676
2135,304108.4257685393
2136,356807.4259489486
2137,285416.81630187994
2138,244388.19931292906
2139,343144.688966746
2140,217200.42437828332
2141,406371.38824641565
2142,152955.51851525623
2143,84909.01696668332
2144,160443.265123202
2145,332350.9314518906
2146,280685.1425911002
2147,235077.3225580221
2148,265939.779612103
2149,182008.49351463467
2150,230266.23616291722
2151,121984.07752606552
2152,217390.21614715504
2153,285476.6685745609
2154,329579.9475308992
2155,130224.1788223586
2156,249244.8207853781
2157,139034.72490463872
2158,285778.67857526615
2159,360204.6817119238
2160,313890.8293608092
2161,112592.86737597827
2162,169753.07317374973
2163,218785.57166403392
2164,479250.0397781227
2165,263109.6686719712
2166,337635.8478572564
2167,322122.61641921103
2168,316860.79597289255
2169,338130.62321071886
2170,258415.73485941766
2171,191046.44296168583
2172,360425.9001749004
2173,261322.84873865033
2174,276323.676894065
2175,193756.23637766019
2176,250378.92752082692
2177,283367.042429002
2178,314092.7414087439
2179,266653.4487309917
2180,427739.7346087466
2181,155225.41148252413
2182,218705.7782488186
2183,244245.0385813038
2184,131677.01287322398
2185,191977.5425582109
2186,264626.206085932
2187,160448.63835956808
2188,154921.08653698722
2189,325002.2446108577
2190,316255.8031820776
2191,263648.1401095041
2192,193099.10460957885
2193,231140.08752922853
2194,374791.94595350884
2195,302944.4568966562
2196,199880.1175094247
2197,171188.42596630147
2198,321948.56271805055
2199,148225.41120709898
2200,325658.39846861735
2201,75031.71869636467
2202,366507.05228736205
2203,301398.7760122339
2204,239054.93025930133
2205,193245.46677630814
2206,248217.6333412407
2207,331757.2926840256
2208,295221.4215334952
2209,476041.2009929386
2210,332930.8999606939
2211,339803.1718594893
2212,495889.7570678564
2213,262523.1745451023
2214,247180.9860196351
2215,119399.09433102887
2216,287234.6926249014
2217,292616.7516264301
2218,285862.1025184919
2219,121236.82699354552
2220,284195.26928325277
2221,281533.72804025095
2222,251746.25221876102
2223,430676.4653151147
2224,336454.84380585747
2225,214504.4886152041
2226,145283.42406670935
2227,252593.98838090338
2228,244633.78893971303
2229,234746.40155469067
2230,253121.79095533444
2231,266521.64251356386
2232,203042.5188557906
2233,282523.1618836336
2234,196648.04306210997
2235,298531.562455229
2236,172147.68050523475
2237,358335.4323744844
2238,235337.95505662775
2239,195911.9642538135
2240,302826.98001785297
2241,280046.6534389104
2242,334641.99310871726
2243,162046.96721205348
2244,290427.7314954377
2245,303967.7202185723
2246,162931.39317302918
2247,443238.77186122164
2248,259874.80165048875
2249,311161.43761586025
2250,236724.37765035033
2251,213635.1279341355
2252,320902.7601961321
2253,326018.6942158034
2254,132699.58861623937
2255,252419.43880409608
2256,270323.01490021776
2257,339855.1273439983
2258,311648.3291029334
2259,296373.6212536758
2260,327051.96748913405
2261,282870.35427031806
2262,158282.41063766833
2263,282377.3945000437
2264,270494.0265531931
2265,232138.3020701874
2266,327346.03083077725
2267,334985.1775746029
2268,278867.41483253567
2269,97993.24382549804
2270,309722.6365130171
2271,88221.6646613013
2272,329927.98795249173
2273,258259.95858843578
2274,289656.37275550794
2275,229937.8803191781
2276,304824.26045050053
2277,266386.6673395918
2278,354531.02545114234
2279,145732.27034820477
2280,147306.24712242
2281,348271.90772562195
2282,250265.9495571507
2283,312472.65372977965
2284,142076.39819853054
2285,224281.70949384617
2286,192509.38702332973
2287,302506.81859811675
2288,294925.5059943944
2289,210657.7485387209
2290,330038.430265218
2291,146392.81601692177
2292,59921.78738321876
2293,299708.6929062428
2294,201460.5249568727
2295,179836.13541011838
2296,324825.09444957785
2297,254006.6274784822
2298,297918.4818760343
2299,400107.9975761683
2300,291893.8487923038
2301,286134.24267533794
2302,233946.01851534005
2303,273555.13643336156
2304,295939.1391695151
2305,247363.96914875275
2306,253177.65183660528
2307,373809.64316261467
2308,217784.08324721083
2309,762406.4181670211
2310,257972.81928498996
2311,335968.96304010507
2312,257946.46819014242
2313,182419.86072300654
2314,274058.28990406217
2315,180731.98647842556
2316,163283.45547822397
2317,175914.89315427607
2318,279756.0691886456
2319,345528.1124914428
2320,307990.4023645278
2321,174068.56592476415
2322,288185.5131073673
2323,177600.77771405503
2324,284110.7142338427
2325,253232.4672146137
2326,275686.13923140103
2327,224580.47819030797
2328,239514.01344416104
2329,181505.41491026338
2330,317449.00372281764
2331,286638.7470099153
2332,317787.5941673089
2333,298769.27102096146
2334,216773.21412840486
2335,163837.51213600626
2336,291184.4344221931
2337,252335.85069680028
2338,306829.1558390572
2339,242641.2649354008
2340,394077.8067735811
2341,252853.17648951104
2342,254338.77331323037
2343,171092.50182191655
2344,388557.90195102105
2345,258226.39351717103
2346,425864.4373164526
2347,307902.74713028874
2348,225608.96067788824
2349,227529.49953297898
2350,288866.5687285336
2351,235173.5328975506
2352,357060.08540793695
2353,153981.45978588797
2354,140725.03307711473
2355,190947.46246545715
2356,156481.85801391723
2357,353393.3228359474
2358,247378.61997507606
2359,309584.4689378296
2360,328950.52630471485
2361,154089.57692629937
2362,227839.46212073974
2363,261108.6112603126
2364,97708.46623713244
2365,358031.4608108741
2366,266835.808348923
2367,317271.0325479307
2368,384921.7790425122
2369,233648.3756300765
2370,149717.29029338295
2371,247594.636422378
2372,301131.6524572866
2373,272846.492671472
2374,269968.4870709274
2375,292255.1498518856
2376,243025.76588254236
2377,289413.5189274666
2378,313396.58275880385
2379,296520.65847196383
2380,220754.87919226708
2381,298069.59274518304
2382,149141.6948005003
2383,460769.1749284952
2384,251508.76388121676
2385,308481.8966827709
2386,294254.9652457088
2387,211570.7928167442
2388,275358.4016816844
2389,178079.6911496329
2390,303914.2810394573
2391,229922.16709641367
2392,290537.84289389756
2393,248178.08926569577
2394,265567.15806844505
2395,299054.818315621
2396,367034.9335449436
2397,368773.76652401267
2398,260951.2241983316
2399,291194.733103856
2400,339099.96176117565
2401,302100.8817708604
2402,171331.6499964781
2403,344447.0022821245
2404,146962.18676078273
2405,314869.0525653744
2406,266119.2725561843
2407,304001.87075820146
2408,253124.9806546811
2409,318909.08169189095
2410,210342.38807929028
2411,313273.14183937106
2412,190224.15425790986
2413,367441.78836547164
2414,185098.3247564109
2415,320644.52903371584
2416,348018.4085518555
2417,270436.80892838724
2418,234165.8775560297
2419,134239.7386275092
2420,278032.2094821702
2421,329390.02743290924
2422,302502.2087126095
2423,303878.13363096723
2424,224882.52599947667
2425,445637.4338705414
2426,254270.616172886
2427,293997.263471704
2428,266723.3027843633
2429,368479.82037977036
2430,187077.36135396268
2431,381425.25933904573
2432,264197.8512014942
2433,288214.91619175253
2434,334064.1287528984
2435,212080.1000972474
2436,387910.9399027545
2437,308516.0339769176
2438,281097.6961199702
2439,174534.09659887804
2440,288765.2677574735
2441,286602.62913336605
2442,273574.25461432943
2443,224510.48179630702
2444,310072.7714398843
2445,306659.6268935045
2446,244207.9731471208
2447,308036.415508023
2448,244023.84739146102
2449,296064.72236693883
2450,305698.7509591193
2451,137622.06410296028
2452,367158.510162089
2453,206671.16361779347
2454,249352.82172237337
2455,68383.60869815573
2456,302783.4118471467
2457,206496.5491913897
2458,94671.07498042192
2459,286521.25488621043
2460,166336.1405588342
2461,323054.99760930566
2462,207977.19292748393
2463,210789.5282588685
2464,283706.7317472198
2465,199545.72572656628
2466,282147.0307991309
2467,294916.41500479635
2468,351072.4089168031
2469,363704.06412167614
2470,247958.0839952263
2471,268446.63787080534
2472,290960.9271979793
2473,165623.68757178867
2474,379133.9952812148
2475,312658.18156241905
2476,289484.70465486124
2477,322399.72357074823
2478,160417.51242175186
2479,287607.6455591172
2480,268680.09927203367
2481,139149.43809961993
2482,308871.70266428776
2483,334226.0980289038
2484,193541.02430725563
2485,292964.7221058137
2486,307841.87524006655
2487,226968.5025894614
2488,541383.6850851551
2489,195938.96576573886
2490,232952.20418448607
2491,284805.85085675307
2492,278000.1524765361
2493,253875.36841838807
2494,353015.936568453
2495,344838.02986614034
2496,319508.97299240204
2497,314181.32842013566
2498,99277.10145960003
2499,320427.39663199754
2500,111283.06865472673
2501,425370.2026065802
2502,95940.9376533404
2503,278591.7141870521
2504,339309.7232612842
2505,352063.9618160445
2506,341575.3917540163
2507,453141.3743518987
2508,176085.9347040183
2509,666750.3955134861
2510,259043.83838915313
2511,261253.03657986876
2512,175159.92672700575
2513,321686.0087975119
2514,155344.12254561344
2515,270786.63172200276
2516,265128.4832598758
2517,280874.0375910802
2518,181186.4753127955
2519,293770.48455548147
2520,231673.9905492752
2521,328289.7986624348
2522,362149.41174971685
2523,149172.462024441
2524,192024.94569827244
2525,186000.7280299971
2526,306853.0618128199
2527,226050.27302391222
2528,319125.7598056919
2529,252119.5058234972
2530,369228.452124442
2531,282370.1442497587
2532,158288.47918138187
2533,125795.89814850036
2534,326023.7719748458
2535,309679.0620397609
2536,124300.2412077249
2537,329545.1059749061
2538,163485.09020318277
2539,287596.94588421937
2540,172660.9238078678
2541,335296.12760559283
2542,300817.61863638274
2543,344140.49430142995
2544,316210.5338919577
2545,414617.4486349658
2546,301969.22385426424
2547,388098.6671977136
2548,237915.97711359942
2549,192017.619824477
2550,297835.66501494776
2551,238627.11386484094
2552,188043.95109485835
2553,189971.03604253335
2554,242671.86308008712
2555,392544.95502522495
2556,366277.8407283444
2557,176343.19654257596
2558,370393.9842535313
2559,273715.9075762406
2560,347895.21769737825
2561,229916.64828480128
2562,430329.8979476169
2563,412636.13575623184
2564,362511.04223743454
2565,249571.1180875958
2566,283953.22250851523
2567,201713.8238998088
2568,239169.61049590167
2569,295836.01734018466
2570,320253.62945396174
2571,267798.1646577064
2572,255605.2083289181
2573,281367.99663982075
2574,268595.44445924694
2575,318366.40715626394
2576,226573.08789171744
2577,277406.44426705875
2578,171563.8779185121
2579,338608.78578418447
2580,363274.8419332402
2581,379098.1080660457
2582,234662.641453329
2583,551491.9515375234
2584,351019.5161961615
2585,198804.69087935332
2586,257267.68227136647
2587,332744.3462380767
2588,159264.82965349127
2589,260062.80738226045
2590,391413.9996470823
2591,371277.4147542403
2592,148246.4464905169
2593,327916.49659123644
2594,272431.05305541866
2595,294114.5711806859
2596,246224.1049516406
2597,283312.60188832553
2598,177710.64811126422
2599,312230.64511022065
2600,316156.0668284469
2601,300596.13625794183
2602,296842.14549493836
2603,260139.50259028003
2604,209246.80519609852
2605,334557.8158027744
2606,295459.718198786
2607,260077.44362225337
2608,258358.28551661596
2609,158819.8404114847
2610,275762.48741317727
2611,315520.4373076316
2612,196111.06259524683
2613,493356.1114091971
2614,284621.86545105884
2615,213190.74976229388
2616,336305.4118713951
2617,366420.02119260654
2618,416481.862627374
2619,317484.57057370944
2620,179157.83473656978
2621,302822.9344641245
2622,212545.47426353674
2623,352901.989524635
2624,250004.9587542396
2625,125390.2785685719
2626,297540.2047555023
2627,402696.8938721181
2628,273872.2709540776
2629,266764.342747089
2630,272142.12585894717
2631,283238.25368746463
2632,179658.17133873235
2633,336397.267359965
2634,306499.3957426348
2635,227142.37099139486
2636,220471.34720771573
2637,274555.40356509155
2638,203421.57906878646
2639,169068.75162041513
2640,182791.39678214444
2641,239232.8294070526
2642,156840.7186861164
2643,256921.30164308567
2644,305276.4632979585
2645,345910.8306865217
2646,377819.001180185
2647,284441.79784864374
2648,259974.99665848166
2649,305120.29767741496
2650,176653.01085484168
2651,117265.12307977211
2652,249652.32649591798
2653,317242.7631448461
2654,369484.4345348617
2655,222839.82297548698
2656,169394.57918179873
2657,290794.3622139264
2658,183485.15753011126
2659,286902.2236140012
2660,348632.3759313887
2661,268600.59683133196
2662,279979.60240756115
2663,268071.40368673485
2664,293165.9975500307
2665,271784.9221157762
2666,293761.7148673199
2667,166028.75447194278
2668,353972.0631284863
2669,160586.81484151585
2670,288163.3748875535
2671,154201.15031668032
2672,315999.2565602851
2673,287749.17501982395
2674,149062.87923353305
2675,350979.4777662116
2676,269099.0329074231
2677,250212.14316182118
2678,304451.3655928713
2679,179762.73001633864
2680,316998.1361659635
2681,316607.42490120465
2682,149666.72167645115
2683,301170.5369192939
2684,303900.3404133888
2685,489828.02797778696
2686,272997.27714514406
2687,223196.9305334175
2688,151323.70835208986
2689,167701.70965180267
2690,242367.65737799043
2691,351288.9569583405
2692,264643.3626221046
2693,280760.7278500772
2694,298395.6195242186
2695,291486.59102328075
2696,249215.79221138172
2697,729196.07823445
2698,162208.17868825933
2699,266783.63596908934
2700,272862.0658600158
2701,263788.43346052105
2702,417698.0878392658
2703,313685.89723078534
2704,307731.60557249375
2705,242748.99126072554
2706,188866.15024655312
2707,330075.20847939095
2708,242678.90320566017
2709,351963.4331260044
2710,269549.32586667314
2711,283871.0100610368
2712,265106.01998153515
2713,303802.75686218496
2714,115590.31394604268
2715,227528.28306911793
2716,346322.7634071042
2717,300646.9949102248
2718,275564.26802994264
2719,225389.20363166556
2720,175042.2819141741
2721,316718.50854084035
2722,283629.58141971054
2723,147965.1924857814
2724,142925.34443156142
2725,404014.4321407252
2726,232299.2410037918
2727,215945.3471296546
2728,319240.79005700164
2729,157730.79094658373
2730,235563.61681067152
2731,137391.24870107882
2732,326736.7271412085
2733,299218.6126485858
2734,211980.84294881392
2735,309510.03324802173
2736,465812.7754479279
2737,286070.69572358485
2738,193616.0958673358
2739,474512.19308154564
2740,372700.4207686158
2741,292465.57336207014
2742,272163.3505808627
2743,339120.2869832516
2744,308893.7674000738
2745,109165.85495766439
2746,320986.0695545729
2747,305453.63062869944
2748,241682.04494757578
2749,231520.46124955872
2750,-188514.54623268684
2751,292677.0804915768
2752,280475.138140182
2753,292341.60118458234
2754,300944.864776928
2755,309475.9692805074
2756,114375.2096064291
2757,153649.9884650358
2758,303203.6239735787
2759,317080.02238436276
2760,234317.3390372917
2761,140320.43989848066
2762,500021.5651900512
2763,277631.6057304079
2764,273790.3314443426
2765,289304.38069780916
2766,295008.3901244146
2767,420003.64248147514
2768,183951.5359009602
2769,307940.79734405084
2770,314249.68292754935
2771,242956.55461212713
2772,238190.78825296275
2773,181686.6342213545
2774,239641.23119004304
2775,203768.30144641083
2776,318777.97641872894
2777,313613.4223139612
2778,290387.9241746948
2779,349890.104455621
2780,162729.12769824918
2781,319612.12477961136
2782,186048.59309690678
2783,240863.93249304127
2784,327820.32898216695
2785,219036.29627493583
2786,125003.80114365742
2787,253672.35263626743
2788,274677.9053958878
2789,225509.79390423186
2790,322548.74918895867
2791,227154.1244882373
2792,248432.09474570397
2793,286972.8039081576
2794,150539.90360503038
2795,214741.83534347964
2796,105829.70298998384
2797,226553.19016140932
2798,315201.9914565589
2799,279959.92563485913
2800,371130.0867149867
2801,349321.0799785466
2802,176879.28816281632
2803,193473.20887625264
2804,254971.86628880166
2805,424990.11033030367
2806,191159.41219627298
2807,387827.4128724807
2808,159376.06049428042
2809,315888.9638821138
2810,178165.36564543238
2811,276450.8414085568
2812,353854.08744997624
2813,219107.917016807
2814,305945.42238644883
2815,314023.22009251313
2816,214597.9424909847
2817,162943.33125572372
2818,325863.50011667004
2819,304077.3930727332
2820,124812.64494888065
2821,340970.5404303302
2822,215366.09866632288
2823,264529.7073657233
2824,299622.3291977737
2825,391843.5233289609
2826,248599.15958370082
2827,311907.19837155985
2828,297759.87523595104
2829,224908.90101551497
2830,186119.07492879778
2831,237222.52468114067
2832,309247.6845966601
2833,363028.96831463
2834,235164.69001055462
2835,132338.68123781867
2836,205429.39648459526
2837,336931.8678816161
2838,288056.4811166497
2839,281639.61616904614
2840,298635.95339891687
2841,247429.2712469115
2842,278384.257508331
2843,162448.67140293447
2844,105067.96370154526
2845,219656.99454762274
2846,324931.80200251704
2847,141175.77308134967
2848,265584.43596102996
2849,249954.90383873088
2850,306852.81035416666
2851,342938.6315403534
2852,265260.1645354652
2853,183856.32268124633
2854,258011.44747844525
2855,260702.54778243182
2856,399281.3931691488
2857,217505.08095577965
2858,209585.31072576996
2859,279253.5144161568
2860,266136.3146827249
2861,196909.70977583062
2862,346874.8179292013
2863,335394.7613400575
2864,256845.0773933651
2865,277709.0914991251
2866,410266.6887007174
2867,304655.14540162496
2868,215521.3691448653
2869,147759.90634546615
2870,264531.6956427195
2871,290486.48962008255
2872,297607.8875266579
2873,297216.7058688672
2874,167352.50008259993
2875,215264.38998111244
2876,321072.78057053825
2877,157876.39268062403
2878,180419.97557680402
2879,335725.0161118647
2880,358862.38161275536
2881,358560.82577518653
2882,241469.42025163025
2883,195846.3172435062
2884,287176.01013063174
2885,247207.20185644738
2886,178423.66110643
2887,354064.28134976514
2888,254779.26002947055
2889,253973.81425116071
2890,254422.4842556049
2891,354098.9194800034
2892,207229.538209619
2893,188407.49174855463
2894,226897.16897309897
2895,211907.885238335
2896,325927.2795002186
2897,307010.96852304786
2898,283409.06963172834
2899,121124.74876978248
2900,307019.99494598527
2901,239280.85164673673
2902,213269.15005490137
2903,249596.05180084798
2904,222434.9051445825
2905,284757.57550855866
2906,221509.70871613128
2907,185215.51960952207
2908,218900.8543745624
2909,192878.46653834358
2910,315096.3717543199
2911,256821.67754767276
2912,291334.0379301454
2913,158905.92697398132
2914,319260.24669637065
2915,361095.8421277404
2916,292993.2670918661
2917,326609.9071997879
2918,392413.6742198556
2919,322764.2630071249
2920,250028.98236460797
2921,169939.27704054583
2922,250582.5694450084
2923,292025.95139725367
2924,160142.206869422
2925,196325.01470367517
2926,300603.93891964573
2927,357672.520995867
2928,186985.00344375055
2929,219489.5615880778
2930,218216.10836947896
2931,293809.42717888206
2932,199916.6915321066
2933,401357.9109106236
2934,132076.24717674777
2935,253639.868024447
2936,292783.6451345673
2937,214351.65713663306
2938,286099.3660945939
2939,168920.12721874053
2940,356835.5830127415
2941,272037.7495673741
2942,161883.75115475524
2943,545495.3792438712
2944,232017.83174012788
2945,152739.72691874066
2946,315327.1086998563
2947,222305.01937251957
2948,317070.45191090554
2949,235782.52222355967
2950,215604.16351717804
2951,221745.59544637986
2952,452341.32685257914
2953,216174.0422965861
2954,230145.9515952454
2955,291292.03123537404
2956,231392.5264633866
2957,228445.17297297064
2958,400732.22341808164
2959,282699.9298719284
2960,323317.13920158194
2961,341218.3435087297
2962,251992.10673148185
2963,288561.645120515
2964,298554.72755578347
2965,394920.5043815924
2966,217463.82787338365
2967,346375.45145751815
2968,248230.2575188903
2969,274150.53909858176
2970,285758.1731824656
2971,195480.67247493705
2972,160570.5754268812
2973,270181.42768677184
2974,327208.8862310867
2975,88923.33303374285
2976,298361.21534571657
2977,309348.45309414994
2978,317636.80393833993
2979,304987.5542663019
2980,226911.8805366694
2981,262328.5208784626
2982,273592.6688634418
2983,295167.08052486414
2984,119291.20416901587
2985,230972.7755736867
2986,52192.79505001893
2987,241881.0335856676
2988,262373.6512129209
2989,329054.52141633956
2990,186270.38039745344
2991,180717.23888323782
2992,151335.09352215938
2993,315916.43107083393
2994,306165.11932718055
2995,325897.5638906532
2996,288920.0338451979
2997,239440.61058099242
2998,243028.71714090277
2999,208667.99247059505
3000,337531.96474827174
3001,302893.8189495406
3002,196605.36156184878
3003,243815.06071060197
3004,335904.0099921492
3005,358980.3184439237
3006,241277.38703781553
3007,178986.6353984517
3008,246151.53308775695
3009,238691.86300687445
3010,326957.06207949296
3011,290131.3891673712
3012,295244.3301284858
3013,287158.36768185813
3014,165073.70964668738
3015,212218.95424819086
3016,252056.4673558534
3017,256202.43088105507
3018,363501.67100459523
3019,351759.6986597972
3020,242692.7510356428
3021,420847.3670000639
3022,491730.95601942437
3023,281243.0277706543
3024,286424.2976255524
3025,302035.0689703431
3026,266724.64183213236
3027,454848.4119536369
3028,276541.4987760079
3029,290249.5806612293
3030,268358.8102318444
3031,258138.16357424995
3032,274205.5672010691
3033,154511.69399124384
3034,94880.76610157546
3035,227208.60199895175
3036,254427.63578738738
3037,409947.55573538085
3038,292715.0154664917
3039,107774.1870103851
3040,206118.03454874316
3041,398393.6434152238
3042,177142.74164944142
3043,133230.83464665338
3044,332895.95297599863
3045,118086.69981972268
3046,307260.4861058011
3047,106230.30584220309
3048,174541.49575687852
3049,277300.9578351453
3050,348686.8098440352
3051,353942.9155318681
3052,296897.0982162729
3053,338410.6079858416
3054,347417.55093630403
3055,317254.5672733495
3056,156195.8715033494
3057,291252.74139257334
3058,303157.35287887463
3059,333145.67053366685
3060,83540.72389147663
3061,266179.7344909366
3062,318264.5897139986
3063,524513.9599999916
3064,256373.18965309672
3065,289867.5964202266
3066,414443.8891540896
3067,234577.32665424654
3068,217370.517402058
3069,298858.9349145624
3070,192047.47486221744
3071,369675.0954280575
3072,240907.9297675956
3073,261262.0000914489
3074,237291.6844661613
3075,327499.3831486199
3076,261187.9839248266
3077,233241.67117877165
3078,336882.7311423402
3079,289975.0396915758
3080,324704.32259623427
3081,318867.8645640318
3082,220029.2158290823
3083,194409.78852967964
3084,189040.15789277572
3085,295597.6812752667
3086,300690.9687401429
3087,255108.11384095252
3088,259271.49878927693
3089,307688.88270277577
3090,123217.48912772303
3091,317485.1377925696
3092,259197.66987030394
3093,329377.8191262232
3094,309447.9300195263
3095,199811.65200396953
3096,313460.0318343532
3097,114364.84696779773
3098,300809.9211121397
3099,316084.90823423816
3100,204130.5116775022
3101,341228.84292316576
3102,370290.4885612228
3103,176558.87070428114
3104,236221.4782858407
3105,317333.01679505873
3106,319453.68433348695
3107,635098.8223101301
3108,274289.0829917826
3109,326064.9926278619
3110,352303.68922950607
3111,207249.9000535272
3112,167658.8389010979
3113,330759.0056641721
3114,177348.3640338718
3115,148803.51108300965
3116,247833.54220451415
3117,225993.5795523147
3118,259067.053945221
3119,240293.64060559263
3120,270140.8225266994
3121,95944.3595882873
3122,268917.65844856435
3123,135938.71992435306
3124,123696.42286419123
3125,290807.38659863174
3126,269982.9629134559
3127,264103.62747606914
3128,229257.41720413975
3129,312431.99357786635
3130,319270.4339649058
3131,286785.3961553336
3132,213091.51503128326
3133,271332.21822777623
3134,191355.8011849844
3135,258379.56143067032
3136,311039.1411474417
3137,348253.3222948876
3138,347639.67565838667
3139,75849.70388079202
3140,316827.76972698234
3141,200743.19424741436
3142,302070.1917440146
3143,249990.06316142296
3144,259430.26804159023
3145,196248.7512105801
3146,239471.4928472275
3147,291234.3936774032
3148,131796.22003960516
3149,274278.2229614146
3150,337067.07801924925
3151,245437.39944749512
3152,235207.76878198003
3153,325162.5656680567
3154,373033.42275096476
3155,283864.11466902355
3156,505378.5970026739
3157,289159.2013798994
3158,246438.29410661478
3159,245384.3787685046
3160,153083.60396130523
3161,446007.946908033
3162,194942.3619022714
3163,326721.1943294485
3164,269000.7625936405
3165,429032.242755678
3166,496806.91854886524
3167,353522.4728452135
3168,224467.05053721275
3169,269571.39363101404
3170,184532.94114695815
3171,254963.76210308727
3172,145350.42532016337
3173,331205.54021518165
3174,350368.3880646769
3175,181082.33222110756
3176,93870.5718064569
3177,174606.88430809975
3178,258787.45193395345
3179,391370.9144676747
3180,367128.7117886343
3181,141530.60270361975
3182,157377.6216054717
3183,312217.7314704978
3184,243990.12799856067
3185,271333.9334740825
3186,287598.79208513675
3187,268296.82411220856
3188,322417.99614567356
3189,263861.3562561171
3190,373736.3326690998
3191,298201.0609337278
3192,354885.89460862475
3193,297398.86324718455
3194,158770.33663588576
3195,256508.21761676902
3196,292240.08763589617
3197,248473.64661600674
3198,177562.27917926013
3199,242763.37164626364
3200,325256.75010095304
3201,236275.0071055009
3202,296250.3064160971
3203,288690.6005909038
3204,168961.83402445586
3205,256045.2507854593
3206,221830.5762624154
3207,238325.2819845844
3208,320454.82384479884
3209,231517.06222591223
3210,285106.28633086896
3211,270227.3121143468
3212,258949.76525312616
3213,404375.9240361182
3214,490893.5084401346
3215,261050.8389223651
3216,317011.710943189
3217,205517.8129918389
3218,226458.56763131358
3219,242234.35279738158
3220,357002.2587815076
3221,309474.9405225795
3222,175203.42183901975
3223,161328.39467363805
3224,171665.90442429855
3225,276500.0328216078
3226,121887.58538728626
3227,426983.45256989263
3228,363631.2737167049
3229,318375.3703367221
3230,166554.93100626254
3231,362270.81953320745
3232,403977.2284491961
3233,153637.49012467312
3234,221410.86822556332
3235,284479.35900017247
3236,375367.4779260121
3237,462709.2661717371
3238,209016.1683697924
3239,173504.48980311817
3240,204982.63366997987
3241,262449.8902249406
3242,201148.2805107478
3243,228363.49098957656
3244,877328.8728718348
3245,286608.18233828805
3246,367712.23200610187
3247,199817.86878825817
3248,284948.69052614085
3249,258926.60602832446
3250,207122.905715446
3251,167329.91493113292
3252,376433.5966509795
3253,265028.7912290832
3254,149666.25361079304
3255,299058.5900222319
3256,301148.02891669795
3257,215154.17452223692
3258,266462.6342668277
3259,257314.12130738562
3260,277305.35285212984
3261,166887.19089048496
3262,250687.32611435838
3263,212073.7108514025
3264,282187.58265881566
3265,207787.59247263474
3266,173760.15861859312
3267,357001.69941856293
3268,109855.18516228767
3269,267433.8542003194
3270,269285.90523386095
3271,230034.93543255283
3272,367880.44533637865
3273,166111.91014047852
3274,368373.46628969116
3275,267939.2191210254
3276,391646.27325825486
3277,185667.57974650525
3278,235622.87551587494
3279,312355.1217975938
3280,275980.30489092506
3281,221320.1567015159
3282,178643.4960979838
3283,206763.80040700966
3284,337090.94223260693
3285,231064.05136089213
3286,201355.98898612708
3287,264486.9490925581
3288,307397.4974998366
3289,280872.4610574618
3290,162219.6159852445
3291,335638.9404738047
3292,366030.2355516893
3293,323721.0122155952
3294,258200.86348444037
3295,269158.3016884541
3296,268508.72252876125
3297,191266.73679512134
3298,327302.63166695414
3299,149269.31081469776
3300,275341.67778629204
3301,198338.56655712938
3302,189183.95302097313
3303,353799.80202543875
3304,296041.9130899003
3305,298720.10282817436
3306,370614.2689570482
3307,292973.04279936105
3308,315919.5865281811
3309,204488.2908231793
3310,521428.8439475186
3311,186020.38941260334
3312,199478.75816767663
3313,420814.0024770363
3314,222061.84621150792
3315,305918.399165357
3316,328463.7034969595
3317,168186.03827158548
3318,244122.05716345226
3319,420060.7765391539
3320,130509.9285266879
3321,387631.50098311715
3322,171030.2498936369
3323,203814.4363239631
3324,237297.61583303707
3325,322577.7794646793
3326,221862.96581738815
3327,274814.2298680418
3328,275587.94306010613
3329,86760.07915146509
3330,309771.64567134995
3331,252636.58477892587
3332,287867.8201150433
3333,344776.41355797555
3334,274753.9353591651
3335,225777.604328915
3336,161625.4079606589
3337,294647.57867146144
3338,267342.7395062754
3339,317126.7402981897
3340,208081.7341971225
3341,183231.86336028995
3342,370061.7234017411
3343,283938.6565574799
3344,274725.1678520562
3345,255044.3029859513
3346,220449.06668808823
3347,264327.4203496203
3348,274467.9459241191
3349,315657.6681360686
3350,252776.1518230494
3351,327801.3306330368
3352,297594.0191285107
3353,250876.306579852
3354,365309.0378382392
3355,274099.0771225961
3356,158325.1288485825
3357,298287.6855263375
3358,255024.5031718975
3359,325000.2057722341
3360,216825.663834285
3361,241504.67127599102
3362,193820.95916423528
3363,306684.2274995623
3364,397357.69607243873
3365,238925.79859586712
3366,346844.47087290045
3367,182381.94239828456
3368,230836.80484715523
3369,315656.13835434476
3370,685952.1464564307
3371,260592.48306869902
3372,112549.00425518304
3373,272419.60088916356
3374,292007.2569182534
3375,159307.70154400077
3376,372234.2087000427
3377,270608.7739195172
3378,198536.9893993782
3379,410061.5129614845
3380,256380.98538390035
3381,456434.22614936717
3382,320774.6450146809
3383,248240.72406690987
3384,317800.741688665
3385,279041.18065348035
3386,365524.6246932801
3387,267988.1869716388
3388,457395.5770135871
3389,170409.03814825788
3390,226825.50254787132
3391,306509.3090473069
3392,362206.5606572917
3393,391371.2286812579
3394,186189.26918257354
3395,278321.0798670687
3396,315638.5275581656
3397,273679.10866680695
3398,229126.02531260205
3399,277431.04156976007
3400,289301.08209334966
3401,198511.66459994437
3402,296652.2304662727
3403,273035.71659456706
3404,233382.50476414058
3405,263023.3305311068
3406,275080.1470774906
3407,291347.988090992
3408,172633.58547371253
3409,273360.1458280897
3410,279094.62184803747
3411,220086.5996275316
3412,246942.2291236883
3413,251083.78554044385
3414,182600.481284237
3415,345667.7002191311
3416,294596.9003640469
3417,393543.7239249777
3418,285868.6306452295
3419,281909.0146043389
3420,332255.063665282
3421,200348.0745474086
3422,250732.99651285633
3423,289830.24324286496
3424,315728.089427894
3425,449318.6753913802
3426,288786.4938963433
3427,312761.774654584
3428,306065.5719870874
3429,301728.9121216014
3430,220161.89145245636
3431,628807.0611383533
3432,251894.80507762637
3433,410047.05113250855
3434,272460.7093412494
3435,304252.1219936316
3436,161449.3896021829
3437,335855.74063181505
3438,260246.32491975604
3439,187703.63953533256
3440,283252.39240864944
3441,340172.326205723
3442,309942.2664602734
3443,278452.7857808578
3444,224873.24178217258
3445,270503.32655978017
3446,293358.46842735587
3447,222874.50930457562
3448,213413.3999482179
3449,331141.35872686515
3450,224456.91027609305
3451,147126.0919652218
3452,261593.21921694
3453,261398.92535384744
3454,287011.8977128994
3455,341109.8946234342
3456,279492.53424928896
3457,150078.26929931575
3458,330268.4544721395
3459,433281.54680627864
3460,263780.18614791567
3461,274624.9061562484
3462,542937.7399048656
3463,367801.238006657
3464,287287.37272132933
3465,352283.9786080527
3466,264492.94725392014
3467,305380.3838592451
3468,262336.753038344
3469,351527.5080731199
3470,214881.96555106435
3471,339426.2994645289
3472,339487.41333901323
3473,317338.83020785265
3474,365290.12292249314
3475,281237.968759554
3476,275556.79995651403
3477,365316.8864945872
3478,332520.12947063707
3479,310001.7740726676
3480,304722.1775819389
3481,281628.414896606
3482,308508.3320447095
3483,95520.39855310787
3484,309351.7083466379
3485,447293.50815791916
3486,289988.6209282833
3487,280495.7570175929
3488,149523.41214550054
3489,312655.1586615569
3490,225790.37130328082
3491,288972.729524944
3492,257088.91434201878
3493,289002.0188660696
3494,218189.38207777916
3495,310086.0766810039
3496,282624.4433185705
3497,372250.9914036151
3498,527986.7245259304
3499,182392.71839861618
3500,171195.99501656927
3501,216895.83340031467
3502,306186.27350075776
3503,240858.48802464176
3504,282586.2646991131
3505,197149.69022373948
3506,316420.164260671
3507,237214.7642076332
3508,214284.57174041867
3509,194121.0260692141
3510,230905.3415907221
3511,572130.6973384907
3512,175483.9832563852
3513,238018.42252339143
3514,306565.5341355535
3515,276146.37214648817
3516,288930.1801904794
3517,362654.9288175218
3518,344849.9875958748
3519,431245.3292590687
3520,272802.2882519858
3521,291166.0808562129
3522,288671.9644125453
3523,158505.58055398567
3524,364728.0909519973
3525,146435.6790924943
3526,259148.22245781077
3527,98220.9578580535
3528,481147.0281447149
3529,181924.43856165418
3530,281127.3864368275
3531,267562.23793406226
3532,232499.0060368823
3533,168036.1970111071
3534,259662.97403786844
3535,298496.21903297445
3536,180014.41488576913
3537,189568.04503004486
3538,220463.5317846965
3539,278207.1003621663
3540,432167.98479034426
3541,300090.385485339
3542,115823.83690068498
3543,353552.4388019107
3544,354820.81535513233
3545,267016.6640119045
3546,377202.0131490957
3547,545095.3995443247
3548,176572.07333420403
3549,194297.08613254735
3550,184261.6769699757
3551,274791.16144705424
3552,237198.05308697186
3553,267746.5517089921
3554,268028.8660582891
3555,205529.4345864947
3556,226422.38937749295
3557,275503.66791125713
3558,342594.16852208273
3559,372423.94051809004
3560,283838.93600742985
3561,335444.593047746
3562,255373.53404022753
3563,136281.23993515596
3564,162316.69430667488
3565,169698.91528662527
3566,339179.89404398436
3567,296435.5667565749
3568,560209.162082334
3569,306220.1260336442
3570,326861.6705153221
3571,271714.3430810813
3572,276570.71556831803
3573,333691.2986986381
3574,294602.34303762205
3575,312559.4316734094
3576,316542.7687741681
3577,275904.1776341023
3578,231159.71935626445
3579,271428.16987339733
3580,226979.84384183632
3581,409076.04174893536
3582,175780.87650146103
3583,270142.2785597518
3584,232980.1917015505
3585,295613.2400784185
3586,117929.39593238197
3587,259517.57911221776
3588,103588.46875138255
3589,287661.1794847315
3590,261896.87920592818
3591,310906.597481092
3592,199386.94290061854
3593,258291.61469670944
3594,489216.6184133212
3595,392489.0180203938
3596,286645.57454237156
3597,181964.21872839332
3598,275924.3158221366
3599,293010.14967048494
3600,266298.5799263078
3601,250226.85979330866
3602,249368.87668248033
3603,331422.68452704
3604,244560.90071751457
3605,121817.89178208355
3606,189519.61235810444
3607,347342.31876923516
3608,175344.95102363965
3609,231424.1345107369
3610,291196.11767655937
3611,378612.7894424405
3612,329591.70557179814
3613,169946.1124273087
3614,366059.41062742565
3615,283238.86002042145
3616,222744.97704407573
3617,210688.0669957609
3618,426948.93000112893
3619,326584.1509213187
3620,184672.90075699007
3621,245285.8027849798
3622,257493.28088093922
3623,309849.62166724587
3624,280320.52886658814
3625,356029.83647649735
3626,260945.53161401348
3627,323163.0152253043
3628,382503.8155045989
3629,271893.54051835043
3630,320998.9404708417
3631,225330.25458592968
3632,279921.5853233109
3633,290963.2062535207
3634,191209.93214933574
3635,259671.23041007807
3636,328633.3650653786
3637,293106.9572188044
3638,185258.4652673644
3639,339263.5214094501
3640,253780.18798465468
3641,251651.35753743164
3642,263605.5355130653
3643,268969.0887850872
3644,332494.0618387768
3645,251872.31011174386
3646,289645.2792215855
3647,287367.35855719773
3648,192779.01065340266
3649,113158.83779581636
3650,342872.0574291246
3651,297307.81247288873
3652,304196.5474423915
3653,237949.67364905588
3654,154924.49717366695
3655,202380.70060752425
3656,238081.01118395198
3657,274154.71468761377
3658,217420.16514686868
3659,256607.64372508368
3660,342352.0382651882
3661,291692.79842019314
3662,319635.5589261772
3663,397136.9071132401
3664,335465.67908519786
3665,315925.5220619496
3666,199720.94752255827
3667,290702.488359211
3668,198861.12227054825
3669,466247.61872368306
3670,342808.846546249
3671,314585.364060591
3672,98325.53817033395
3673,242243.6470647324
3674,306346.8707034178
3675,315496.01372213755
3676,289072.44578336366
3677,255287.68668259867
3678,289699.96834010165
3679,569289.1142234867
3680,290005.4785898072
3681,318533.3396522957
3682,247734.15648600552
3683,320937.34034322854
3684,306489.91703895805
3685,366272.9560027453
3686,159056.57513845433
3687,382598.5790674696
3688,343000.2661706377
3689,231111.4777257694
3690,321945.45900311647
3691,95221.8960284479
3692,231050.92443485046
3693,316830.3001995599
3694,176158.94753910042
3695,199386.61359025724
3696,296568.8046871703
3697,175001.9071671567
3698,327592.71557012247
3699,251151.7159348796
3700,313330.08361694496
3701,308765.0372624444
3702,225940.64712390583
3703,226283.90045410814
3704,261804.21625359915
3705,256452.73168397322
3706,184979.12240605475
3707,217070.1991345184
3708,245280.42989084823
3709,164205.71597760636
3710,301870.3224995686
3711,335518.90012449166
3712,289514.8407044597
3713,627250.020580261
3714,255614.88845381187
3715,277634.91285373084
3716,173405.10955084953
3717,112477.84854226327
3718,390463.8024281524
3719,320625.82005286636
3720,182664.0752890464
3721,299243.8418173562
3722,224675.19399561314
3723,361768.31792882644
3724,436122.1906983522
3725,304939.67978268955
3726,217913.46523344098
3727,316002.29200314824
3728,245967.67109541968
3729,209296.22186999302
3730,151772.44782583788
3731,86735.99017329141
3732,240079.97054798575
3733,430469.60780866444
3734,178336.72910078662
3735,298107.5115738525
3736,291191.57153100055
3737,231523.86753963493
3738,179889.8567031524
3739,303480.2038937565
3740,360775.1194965709
3741,291519.5481521636
3742,315347.91411824804
3743,163625.1939765918
3744,339219.5824226262
3745,244556.19972340064
3746,261906.12683200138
3747,166604.4121198142
3748,286530.45294632856
3749,295563.95583856665
3750,185669.01884573186
3751,156827.31038123462
3752,170216.42453345656
3753,295157.76957619423
3754,242146.7943549035
3755,328432.04151498294
3756,185570.5862368024
3757,217036.94138444308
3758,336376.75555845955
3759,149875.44872530084
3760,290744.133492582
3761,147146.1187331141
3762,351014.03472466813
3763,264720.5096632596
3764,262801.9266943298
3765,224573.04386246437
3766,258091.84701410774
3767,91010.12681116397
3768,230116.5418881867
3769,106562.8794056056
3770,247933.4964285381
3771,273441.22904439084
3772,274696.84174409974
3773,320669.9607951343
3774,296864.6774553126
3775,354653.4402097538
3776,330526.6831855974
3777,307466.541923678
3778,322844.58397777425
3779,375363.8613850167
3780,218633.79588152329
3781,320054.5058114417
3782,275480.450633646
3783,169975.94435450342
3784,245849.7840452073
3785,338664.8136435128
3786,701633.9633713607
3787,181144.56695380155
3788,371915.98455001647
3789,196540.33499825653
3790,110045.85616768757
3791,292377.84636019915
3792,214611.2568307845
3793,231102.618556038
3794,272023.60854615364
3795,303387.9217713014
3796,268420.9440691755
3797,237774.20379618043
3798,281132.5570931528
3799,286467.3230306404
3800,263687.8190685259
3801,203381.93362556864
3802,207955.94148747763
3803,266619.2479523863
3804,231963.68820080673
3805,328875.953544396
3806,143766.5553234038
3807,181244.76499476423
3808,231559.22935506934
3809,153616.3228873238
3810,296935.27073066914
3811,432632.618535236
3812,277370.61413291935
3813,327632.3994731242
3814,338569.1039532828
3815,221833.6144595854
3816,287562.76909104735
3817,294081.2335177837
3818,431402.1590025327
3819,126388.8084005597
3820,279784.98837556504
3821,298961.9964620238
3822,326829.17932105716
3823,298346.5974955531
3824,368726.634942112
3825,317261.5667763171
3826,236735.94271031767
3827,267330.4537278563
3828,273880.7604113221
3829,297784.3363949633
3830,321656.41272623
3831,246714.61127553135
3832,244325.28115796344
3833,140954.17929856665
3834,227226.31511848094
3835,242321.3978478834
3836,262789.95115299337
3837,271089.399092596
3838,314016.81179103954
3839,185869.05155963544
3840,245403.4335603253
3841,232062.4469871018
3842,301929.3322701226
3843,268821.491029534
3844,126083.81501801172
3845,331019.0406736629
3846,336772.8017610111
3847,173034.22731740354
3848,250802.77057295572
3849,314573.30569527997
3850,159752.17428339738
3851,223411.90859859157
3852,367874.93616320053
3853,327312.59575109696
3854,292577.7151239957
3855,308290.67761494545
3856,347712.50261086505
3857,309899.9399158647
3858,320909.49448734196
3859,358869.3916525603
3860,280759.03628311306
3861,263318.01173826354
3862,294192.4976857989
3863,294754.26393477665
3864,231259.50501081068
3865,320376.0471570818
3866,299510.80276890146
3867,331646.9415701558
3868,338355.7012580265
3869,286900.5617536418
3870,302336.694511177
3871,177089.43995540543
3872,172913.42700297898
3873,299458.4823913728
3874,295117.17430657335
3875,319848.3165168436
3876,249856.52583157597
3877,250838.0890281708
3878,298373.45956880413
3879,256116.69701246638
3880,280641.251085714
3881,260520.73134470684
3882,223851.41982716369
3883,276809.31121423235
3884,280565.82038350357
3885,280103.18596568564
3886,275673.8702478772
3887,192262.64567784313
3888,147630.3112412654
3889,278720.44043053314
3890,298973.7757926448
3891,332454.79258604953
3892,267791.70771047985
3893,285783.2537581092
3894,309978.68074210547
3895,232456.53292514477
3896,334293.95937995426
3897,306496.82145885983
3898,159916.99905690178
3899,150459.19737099903
3900,366668.02770188823
3901,303385.8006314123
3902,93636.41141441278
3903,242974.99186615087
3904,191531.06138606416
3905,233207.34237641934
3906,182939.194842563
3907,383629.0493993028
3908,242189.756698451
3909,354279.8106753356
3910,247832.95589899644
3911,175875.90343088796
3912,291690.95523537975
3913,347604.78564564325
3914,272043.2285380638
3915,130190.0322857108
3916,256436.1308975988
3917,180542.85016094474
3918,290917.19158565905
3919,235400.02363148378
3920,435580.13329157373
3921,207519.4585140422
3922,264317.03526277235
3923,161162.5447342326
3924,199725.44082463952
3925,242360.8825146649
3926,284424.5997673203
3927,238789.80248249928
3928,259983.36868170323
3929,275775.13033046015
3930,262852.89755090233
3931,233290.77668654174
3932,303885.1222514217
3933,170290.37800276093
3934,115792.32114040712
3935,246727.7600488891
3936,306217.6642975407
3937,241739.85467749555
3938,324228.6650687163
3939,236991.38749619573
3940,478677.4096570192
3941,324702.4888622053
3942,257488.97640926158
3943,366090.8674447411
3944,257434.49833037145
3945,232695.90306736622
3946,302047.26285392605
3947,339420.8923242297
3948,348451.0243658689
3949,366287.6386150415
3950,283415.3403388369
3951,254264.8176127239
3952,253062.79857115867
3953,157102.95543376543
3954,208099.87883080076
3955,303490.29808403226
3956,246074.89745374676
3957,256229.44462030008
3958,282867.98788260296
3959,105033.71652047755
3960,254915.33522258373
3961,304842.44683677936
3962,340135.40026997775
3963,251873.51333836466
3964,303121.6437707576
3965,331804.6508180192
3966,359695.67380092666
3967,286225.283404178
3968,309210.2925790483
3969,262988.6516700331
3970,295188.7933147475
3971,277678.95255528623
3972,123312.45910818782
3973,234871.08428545762
3974,266788.9274695786
3975,278186.1751786908
3976,319616.8439814397
3977,283631.5466433051
3978,259996.167330042
3979,313228.25644302834
3980,273714.27118977904
3981,288442.8412964754
3982,388852.7858705693
3983,207428.4739285675
3984,339060.7266347464
3985,375498.30986984354
3986,273913.7032996998
3987,122899.9806397371
3988,169429.59717474692
3989,712683.4732734635
3990,161167.72434656275
3991,270118.2605269528
3992,463153.78130675433
3993,309822.94219969213
3994,199049.4460631879
3995,222586.8654486863
3996,255220.1624362003
3997,263802.2941243807
3998,231630.92692817422
3999,183417.09666102054
4000,191369.5628685928
4001,302933.5121418517
4002,288455.43591709016
4003,312006.26638837624
4004,262127.48466808163
4005,209886.86853304366
4006,215875.1195945982
4007,236351.1533914553
4008,215605.88565106643
4009,169541.56691569136
4010,237508.44117065892
4011,271473.40696089854
4012,265186.2842652048
4013,294258.779318728
4014,328953.8201687527
4015,178645.76755846245
4016,383739.6942649577
4017,270774.08876904286
4018,229868.99108235957
4019,258104.86705905758
4020,347280.2217808147
4021,253908.33161852323
4022,273550.7585512907
4023,169769.68516234728
4024,196882.9560379451
4025,272831.9133748347
4026,408206.82377041737
4027,226546.2031116821
4028,316586.8375272751
4029,310880.6118472805
4030,158505.45784995146
4031,268506.5988070201
4032,133871.36891235644
4033,223836.68181183003
4034,241481.94307939336
4035,170222.36552222166
4036,306705.11358406115
4037,203985.06014072802
4038,286061.5476196143
4039,289648.5600204272
4040,305873.4986109445
4041,312022.6365432553
4042,62041.14450360043
4043,295285.8493085406
4044,225109.75594101986
4045,209558.67867585085
4046,206804.8509782008
4047,233400.2923165406
4048,216978.58366431668
4049,177912.9763815645
4050,282238.67997693503
4051,234403.29636541195
4052,145892.64330882672
4053,333633.6388218915
4054,214623.5100810621
4055,304539.78104198584
4056,103156.65079493355
4057,298647.1191845117
4058,249387.76890026033
4059,319601.9961989429
4060,163575.56505792402
4061,323237.3710611053
4062,229200.37487186724
4063,312434.3180660629
4064,363173.2855919162
4065,152713.07634288818
4066,132453.64136859262
4067,289692.5298263375
4068,394156.40091495914
4069,167395.16474076826
4070,298752.26807099255
4071,198728.021232808
4072,323948.45655983035
4073,263076.4937496558
4074,292672.802244856
4075,253026.8704559235
4076,286174.4780336991
4077,167934.11479942268
4078,331114.9265434174
4079,329652.5228121849
4080,177812.3258316475
4081,165131.24354014685
4082,428826.4859239636
4083,269913.749768096
4084,263409.53465903597
4085,313759.92770542344
4086,378445.60888664145
4087,296619.2058928795
4088,261375.01489090174
4089,210613.8836832964
4090,283848.9882221846
4091,255819.40976571105
4092,156651.4198409533
4093,255348.4655125374
4094,422895.7629158017
4095,267207.0788685782
4096,264561.24014596734
4097,376831.83189292345
4098,210368.68711050693
4099,385553.72200713307
4100,291979.4389667474
4101,660764.47284518
4102,251388.5334618329
4103,206119.88492058264
4104,313566.1527894819
4105,121320.4332486703
4106,232048.82444098312
4107,217890.57397491112
4108,161791.48898682138
4109,171696.3361959178
4110,239238.23427804094
4111,266579.99957461003
4112,209651.41768319719
4113,220848.9483564184
4114,286117.7377160359
4115,303950.7841417501
4116,142204.06604946963
4117,94691.19548512949
4118,297066.5251869159
4119,243391.21300870692
4120,224462.13311420428
4121,359970.0059876549
4122,320908.18888584943
4123,156562.87197789876
4124,160621.52693924867
4125,352824.2938271966
4126,339757.23364421027
4127,328042.81203604024
4128,303036.50256832596
